1-Time,2-VGERA,3-VGERB,4-VGERC,5-VN,6-IGERAN,7-IGERBN,8-IGERCN,9-IGERAT,10-IGERBT,11-IGERCT,12-IN,13-IFD,14-IFAULT,15-VFAULT,16-Speed (rad/s),17-FAULT 
0.000000,-115.645683,-86.387652,183.883144,6.468078,4.843595,-1.333518,-3.631350,-4.778346,1.500450,3.404130,-0.223418,0.547445,-0.028224,5.894848,188.721657,0
0.001042,-36.044015,-139.918138,185.766667,6.502008,4.282651,0.278045,-4.634342,-4.311525,-0.199714,4.519550,-0.234377,0.568610,-0.020755,6.313318,188.646647,0
0.002083,36.525303,-179.338128,153.069697,5.834718,3.139461,2.057241,-5.194608,-3.153664,-1.924051,5.090584,-0.248989,0.559922,-0.013287,6.890128,188.571149,0
0.003125,107.200424,-178.299170,95.443750,4.760268,1.254264,3.642134,-4.740127,-1.297410,-3.539610,4.725122,-0.230724,0.567369,-0.028224,6.268078,188.500227,0
0.004167,152.400288,-178.939458,6.031818,3.097698,-0.595431,4.682221,-3.936949,0.522086,-4.554874,3.864764,-0.238030,0.572334,-0.002084,5.023978,188.669495,0
0.005208,168.120994,-143.300791,-70.737121,1.616088,-2.281814,4.785087,-2.228728,2.242337,-4.780488,2.300130,-0.183235,0.564168,-0.046895,4.345378,188.506798,0
0.006250,185.985432,-61.066078,-127.636743,0.541638,-4.025000,4.381243,-0.101287,3.991994,-4.417894,0.130199,-0.157664,0.562470,-0.002084,1.438708,188.570712,0
0.007292,164.990464,15.575177,-167.880114,-0.261372,-4.713754,3.508790,1.430627,4.734496,-3.624215,-1.354490,-0.102869,0.568414,0.020321,0.352948,188.495526,0
0.008333,115.968177,86.043090,-184.117804,-0.623292,-4.827363,1.516243,3.616836,4.782280,-1.573543,-3.455897,-0.099216,0.565475,-0.039427,-1.219142,188.721884,0
0.009375,36.876921,140.141379,-185.521213,-0.634602,-4.195413,-0.232474,4.549306,4.245621,0.138707,-4.521828,-0.026156,0.568480,-0.017021,-1.467962,188.646255,0
0.010417,-37.246320,179.404317,-153.132008,-0.046482,-3.038023,-2.030718,5.082145,3.084084,1.899304,-5.043372,-0.055380,0.565344,-0.024490,-1.863812,188.570883,0
0.011458,-107.989495,178.727786,-93.942614,1.107138,-1.135074,-3.566084,4.682516,1.172694,3.518892,-4.670297,-0.055380,0.564560,-0.020755,-1.581062,188.495595,0
0.012500,-152.769687,179.549287,-3.755114,2.826258,0.707521,-4.594741,3.828405,-0.635775,4.526098,-3.809938,-0.040768,0.561490,-0.020755,-0.223862,188.721668,0
0.013542,-168.104748,142.533398,72.324432,4.307868,2.365501,-4.594741,2.014399,-2.330296,4.659049,-2.146325,-0.132093,0.559269,-0.058098,0.873208,188.646426,0
0.014583,-187.330286,58.691924,127.463637,5.348388,4.169042,-4.248046,-0.136549,-4.120386,4.264224,-0.022077,-0.132093,0.557962,-0.035692,3.429268,188.570886,0
0.015625,-164.293668,-17.550661,168.125569,6.117468,4.790341,-3.329874,-1.629283,-4.756291,3.389969,1.504489,-0.168623,0.544310,-0.039427,4.605508,188.570874,0
0.016667,-114.942448,-86.629270,184.474054,6.422838,4.854246,-1.314468,-3.725381,-4.815103,1.427932,3.529757,-0.212459,0.531637,-0.035692,5.815678,188.721637,0
0.017708,-35.624342,-140.570507,185.028031,6.468078,4.247148,0.392340,-4.665686,-4.285795,-0.300434,4.595688,-0.219765,0.566520,-0.050629,6.347248,188.646194,0
0.018750,37.636868,-179.362290,153.586743,5.902578,3.054255,2.125818,-5.225951,-3.131610,-2.032829,5.132460,-0.238030,0.567696,-0.017021,6.856198,188.570850,0
0.019792,108.005742,-177.936743,94.495834,4.726338,1.130004,3.737380,-4.759716,-1.190814,-3.672561,4.690860,-0.234377,0.568937,-0.024490,6.358558,188.570890,0
0.020833,152.876673,-179.434775,5.194697,3.086388,-0.687739,4.750798,-3.909524,0.613980,-4.659623,3.838116,-0.248989,0.573967,-0.009553,5.204938,188.721697,0
0.021875,167.712664,-141.428251,-72.374432,1.616088,-2.388322,4.678411,-2.040667,2.330555,-4.707969,2.094557,-0.208806,0.550319,-0.065566,4.254898,188.646275,0
0.022917,187.448615,-59.169376,-127.587500,0.541638,-4.085355,4.301237,0.031922,4.069185,-4.317173,0.008378,-0.150358,0.558942,-0.028224,1.314298,188.570760,0
0.023958,163.652049,16.783268,-168.434091,-0.295302,-4.671151,3.444023,1.528575,4.716117,-3.503351,-1.403980,-0.091910,0.567500,-0.020755,0.239848,188.570702,0
0.025000,114.607077,86.816268,-184.671781,-0.611982,-4.767008,1.401948,3.609000,4.767577,-1.517140,-3.516807,-0.066339,0.560902,-0.017021,-1.094732,188.721587,0
0.026042,35.368368,140.938718,-184.819508,-0.611982,-4.145710,-0.255333,4.537552,4.186809,0.166909,-4.506600,-0.051727,0.562666,-0.017021,-1.422722,188.570727,0
0.027083,-38.959037,179.295589,-153.267425,-0.012552,-2.959917,-2.007859,5.046884,3.028948,1.895275,-4.971041,-0.033462,0.544767,-0.050629,-1.818572,188.570830,0
0.028125,-108.715415,178.220388,-92.588447,1.141068,-1.046317,-3.592753,4.568895,1.113882,3.522921,-4.617000,-0.077298,0.557962,-0.031958,-1.479272,188.495504,0
0.029167,-153.030565,179.513045,-2.450189,2.871498,0.703970,-4.549023,3.765718,-0.694587,4.514012,-3.764255,-0.051727,0.554958,-0.017021,-0.110762,188.721648,0
0.030208,-167.798501,141.482359,72.952273,4.273938,2.422305,-4.590931,1.963466,-2.341323,4.614732,-2.108256,-0.117481,0.556656,-0.065566,1.235128,188.646261,0
0.031250,-187.908754,57.435510,127.660606,5.325768,4.161941,-4.156610,-0.097369,-4.105683,4.231994,0.031220,-0.164970,0.576449,-0.039427,3.429268,188.570928,0
0.032292,-163.669830,-17.695632,168.482576,6.128778,4.761938,-3.326064,-1.644955,-4.782021,3.385941,1.489261,-0.179582,0.569198,-0.073035,4.526338,188.570872,0
0.033333,-114.318611,-86.919212,184.843372,6.456768,4.854246,-1.245891,-3.756724,-4.789373,1.351384,3.583054,-0.219765,0.555088,-0.013287,5.872228,188.721574,0
0.034375,-35.329437,-141.017500,184.523296,6.479388,4.179693,0.422819,-4.661768,-4.230659,-0.328636,4.557619,-0.227071,0.564952,-0.039427,6.347248,188.570861,0
0.035417,38.385473,-179.374371,153.500569,5.879958,3.057805,2.163916,-5.190690,-3.091176,-2.040887,5.071550,-0.223418,0.575078,-0.031958,6.901438,188.570799,0
0.036458,108.606894,-177.876338,93.572538,4.737648,1.098051,3.790718,-4.712701,-1.154056,-3.676590,4.706088,-0.230724,0.568872,-0.009553,6.268078,188.644160,0
0.037500,153.409771,-179.265642,4.062121,3.018528,-0.709040,4.720319,-3.827247,0.643386,-4.659623,3.792433,-0.212459,0.569590,-0.043161,5.023978,188.721608,0
0.038542,167.894144,-140.389293,-72.854546,1.570848,-2.438026,4.651742,-1.946637,2.356285,-4.659623,2.086944,-0.161317,0.549078,-0.039427,4.232278,188.570870,0
0.039583,187.947685,-57.465968,-127.870644,0.530328,-4.103106,4.297427,0.086774,4.069185,-4.329260,-0.029691,-0.124787,0.555284,-0.009553,1.291678,188.570884,0
0.040625,162.937471,17.979277,-168.704925,-0.250062,-4.696003,3.364016,1.567754,4.705090,-3.438889,-1.472504,-0.132093,0.563842,-0.028224,0.319018,188.646312,0
0.041667,113.711019,87.686093,-184.733334,-0.544122,-4.777659,1.321941,3.663852,4.830065,-1.484909,-3.528228,-0.066339,0.526476,-0.020755,-1.173902,188.723766,0
0.042708,34.098008,141.434035,-184.548675,-0.589362,-4.088905,-0.335339,4.537552,4.150051,0.243457,-4.521828,-0.040768,0.546792,-0.017021,-1.445342,188.571111,0
0.043750,-40.478932,179.090213,-153.427463,-0.001242,-2.903112,-2.072627,5.066474,3.003217,1.975852,-5.016724,-0.044421,0.542023,-0.024490,-1.841192,188.571084,0
0.044792,-109.441335,178.582815,-91.382008,1.163688,-0.968211,-3.634661,4.564977,1.025664,3.595439,-4.601772,-0.059033,0.561490,-0.035692,-1.535822,188.646534,0
0.045833,-153.325470,179.597611,-1.625379,2.882808,0.757225,-4.590931,3.761800,-0.753399,4.522069,-3.756642,-0.059033,0.556917,-0.028224,-0.144692,188.721956,0
0.046875,-168.229516,140.189702,73.100000,4.285248,2.440057,-4.583312,1.885107,-2.451596,4.586530,-2.035925,-0.084604,0.557048,-0.039427,0.941068,188.571109,0
0.047917,-188.725414,56.493199,127.734470,5.348388,4.208095,-4.179469,-0.160057,-4.116711,4.183648,0.122585,-0.150358,0.550058,-0.024490,3.519748,188.495667,0
0.048958,-162.558265,-18.154707,169.368940,6.151398,4.769039,-3.238438,-1.746822,-4.752615,3.353710,1.569206,-0.175929,0.559988,-0.031958,4.582888,188.646373,0
0.050000,-113.887596,-87.354125,184.806440,6.490698,4.875547,-1.162075,-3.823329,-4.800400,1.339297,3.640157,-0.205153,0.563319,-0.031958,5.781748,188.721878,0
0.051042,-34.909765,-141.694031,183.907766,6.434148,4.190344,0.521875,-4.673522,-4.190226,-0.389069,4.550005,-0.256295,0.565475,-0.005818,6.324628,188.571013,0
0.052083,39.236161,-179.024024,153.845266,5.902578,2.937095,2.224874,-5.171100,-3.028689,-2.125492,5.094391,-0.270907,0.572922,-0.043161,6.844888,188.495788,0
0.053125,109.117307,-177.731368,92.366099,4.669788,1.002194,3.798338,-4.685276,-1.124650,-3.688676,4.610916,-0.227071,0.567631,-0.009553,6.358558,188.721882,0
0.054167,153.636621,-179.241481,2.991098,3.007218,-0.751644,4.727939,-3.784150,0.694846,-4.635450,3.746750,-0.197847,0.562993,-0.050629,5.171008,188.721878,0
0.055208,167.848774,-139.048313,-73.310038,1.559538,-2.473529,4.655552,-1.895703,2.415097,-4.707969,2.029840,-0.161317,0.547837,-0.050629,4.175728,188.571035,0
0.056250,188.628235,-55.943774,-127.907576,0.507708,-4.103106,4.240279,0.122035,4.120645,-4.313144,-0.079180,-0.143052,0.549274,-0.020755,1.189888,188.498982,0
0.057292,162.086784,18.969911,-169.123485,-0.283992,-4.667600,3.409734,1.603016,4.723468,-3.455005,-1.521994,-0.091910,0.545485,-0.028224,0.205918,188.726087,0
0.058333,112.837647,88.471352,-184.856440,-0.600672,-4.759908,1.291463,3.656016,4.760226,-1.404333,-3.551069,-0.029809,0.540063,-0.039427,-1.083422,188.578951,0
0.059375,32.963758,142.098485,-184.043940,-0.566742,-4.046302,-0.354389,4.588485,4.116970,0.291803,-4.506600,-0.029809,0.575012,-0.024490,-1.467962,188.571140,0
0.060417,-41.783320,179.053970,-153.353599,0.010068,-2.917313,-2.110725,5.035130,2.940730,1.975852,-5.020531,-0.062686,0.572399,-0.054364,-1.829882,188.495644,0
0.061458,-110.360078,178.147903,-90.594129,1.186308,-0.978861,-3.661330,4.576731,1.010961,3.583353,-4.575124,-0.066339,0.559465,-0.009553,-1.456652,188.721934,0
0.062500,-153.869910,179.295589,-1.120644,2.882808,0.799828,-4.587122,3.761800,-0.760751,4.582502,-3.737607,-0.040768,0.559465,-0.043161,-0.054212,188.721902,0
0.063542,-168.150118,139.573576,73.518561,4.273938,2.447157,-4.590931,1.889025,-2.385432,4.610703,-2.035925,-0.077298,0.558093,-0.020755,1.235128,188.571134,0
0.064583,-188.929579,55.864992,128.165341,5.371008,4.165492,-4.171849,-0.187482,-4.098332,4.199763,0.111165,-0.135746,0.555415,-0.017021,3.451888,188.495586,0
0.065625,-162.161278,-18.263435,169.615152,6.174018,4.740637,-3.253677,-1.672381,-4.748940,3.389969,1.542557,-0.161317,0.566847,-0.050629,4.526338,188.721949,0
0.066667,-113.161676,-87.571581,185.064963,6.456768,4.832944,-1.169694,-3.760642,-4.759967,1.319153,3.583054,-0.219765,0.555349,-0.013287,5.860918,188.797130,0
0.067708,-34.569490,-141.996054,183.415341,6.422838,4.094486,0.445678,-4.638260,-4.120386,-0.324607,4.538585,-0.212459,0.564887,-0.061832,6.335938,188.571098,0
0.068750,39.996109,-179.072348,153.402084,5.879958,2.993900,2.198205,-5.096659,-3.047067,-2.093262,5.014447,-0.248989,0.568937,-0.024490,6.878818,188.495658,0
0.069792,109.718459,-177.719287,91.332008,4.635858,1.044797,3.725951,-4.614753,-1.087893,-3.608100,4.607109,-0.197847,0.562209,0.016587,6.234148,188.722052,0
0.070833,153.999581,-178.951539,1.661553,2.984598,-0.730342,4.670791,-3.780232,0.658089,-4.607249,3.742943,-0.179582,0.560314,-0.050629,5.023978,188.646458,0
0.071875,167.871459,-138.408025,-73.876326,1.582158,-2.384772,4.590785,-1.911375,2.385691,-4.599191,2.018419,-0.157664,0.545093,-0.020755,4.175728,188.571122,0
0.072917,188.650920,-54.469904,-128.363069,0.519018,-4.046302,4.221230,0.078938,4.047130,-4.220481,-0.060146,-0.168623,0.540651,-0.035692,1.201198,188.495651,0
0.073958,161.360864,20.081355,-169.345076,-0.250062,-4.642749,3.344967,1.591262,4.638926,-3.414716,-1.457276,-0.091910,0.546139,-0.050629,0.285088,188.721905,0
0.075000,111.782794,89.413663,-184.634849,-0.578052,-4.699553,1.325751,3.656016,4.712441,-1.396275,-3.551069,-0.069992,0.540521,-0.065566,-1.139972,188.721907,0
0.076042,32.124413,142.557559,-183.637690,-0.589362,-4.028550,-0.362008,4.572813,4.157403,0.235399,-4.460917,-0.029809,0.527325,-0.043161,-1.411412,188.571216,0
0.077083,-42.702063,178.739867,-153.267425,-0.035172,-2.888911,-2.057387,4.980279,2.959108,1.967794,-4.932972,-0.029809,0.530330,-0.020755,-1.818572,188.495823,0
0.078125,-110.598271,178.341197,-89.732387,1.242858,-0.957560,-3.638471,4.494455,0.996258,3.530978,-4.498986,-0.037115,0.556852,-0.050629,-1.524512,188.721969,0
0.079167,-154.085417,178.933161,-0.615909,2.905428,0.814029,-4.556643,3.652098,-0.749724,4.522069,-3.688117,-0.069992,0.558093,-0.046895,-0.110762,188.646531,0
0.080208,-168.558448,138.413809,73.678599,4.319178,2.468459,-4.472826,1.838092,-2.359702,4.594588,-1.986435,-0.091910,0.554239,-0.028224,0.941068,188.570995,0
0.081250,-189.065689,55.285109,128.497728,5.371008,4.129989,-4.110891,-0.171810,-4.087305,4.191706,0.088323,-0.132093,0.549928,-0.020755,3.519748,188.571205,0
0.082292,-161.378645,-18.601700,170.267614,6.140088,4.690933,-3.169861,-1.707642,-4.701155,3.297306,1.569206,-0.168623,0.555545,-0.035692,4.639438,188.721820,0
0.083333,-113.014223,-88.163545,184.695645,6.422838,4.740637,-1.120167,-3.756724,-4.719534,1.242606,3.564019,-0.208806,0.556068,-0.039427,5.793058,188.646491,0
0.084375,-33.934310,-142.732989,182.996781,6.445458,4.058983,0.502826,-4.606917,-4.124062,-0.385040,4.504322,-0.248989,0.562339,-0.028224,6.335938,188.571036,0
0.085417,41.130359,-178.649516,153.414394,5.868648,2.901593,2.179155,-5.053562,-2.977228,-2.101319,4.964957,-0.230724,0.564364,-0.043161,6.822268,188.571017,0
0.086458,110.648544,-177.683044,89.940909,4.635858,0.948940,3.741190,-4.563820,-1.062162,-3.616158,4.542391,-0.219765,0.556917,-0.017021,6.369868,188.721895,0
0.087500,154.067636,-178.709921,0.775189,2.961978,-0.751644,4.644122,-3.776314,0.746307,-4.550845,3.697261,-0.212459,0.558093,-0.028224,5.148388,188.646509,0
0.088542,167.962199,-137.308663,-74.516478,1.559538,-2.409624,4.590785,-1.872196,2.337907,-4.566960,1.953702,-0.190541,0.544048,-0.028224,4.107868,188.571098,0
0.089583,188.900455,-53.334299,-128.720076,0.507708,-4.049852,4.217420,0.102445,4.061833,-4.236597,-0.063953,-0.161317,0.533400,-0.065566,1.122028,188.571123,0
0.090625,160.634944,21.132393,-169.714394,-0.261372,-4.646299,3.299249,1.610852,4.660981,-3.370399,-1.449663,-0.091910,0.547772,-0.028224,0.205918,188.721891,0
0.091667,111.079559,90.162679,-184.696402,-0.544122,-4.699553,1.283843,3.616836,4.697738,-1.376131,-3.497773,-0.066339,0.524255,-0.028224,-1.072112,188.646647,0
0.092708,31.511918,143.125362,-182.997538,-0.555432,-4.028550,-0.354389,4.533634,4.091239,0.219284,-4.438076,-0.059033,0.540586,-0.013287,-1.479272,188.571127,0
0.093750,-43.223818,178.800271,-153.058144,0.055308,-2.871160,-2.065007,4.984197,2.944405,1.975852,-4.944393,-0.033462,0.556983,-0.050629,-1.773332,188.495651,0
0.094792,-111.414931,177.809637,-89.436932,1.265478,-0.964660,-3.573704,4.545388,1.018312,3.502776,-4.521828,-0.059033,0.560902,-0.054364,-1.434032,188.721887,0
0.095833,-154.709255,178.619058,-0.406629,2.882808,0.721722,-4.541403,3.746128,-0.679884,4.449550,-3.722380,-0.055380,0.561294,-0.054364,-0.020282,188.646355,0
0.096875,-168.342941,138.196353,74.146402,4.307868,2.436506,-4.522354,1.900779,-2.337648,4.526098,-2.024504,-0.080951,0.558485,0.012853,1.269058,188.571151,0
0.097917,-189.111059,54.838115,129.236364,5.359698,4.062534,-4.164229,-0.116959,-4.057899,4.231994,0.057868,-0.121134,0.558028,-0.017021,3.519748,188.571087,0
0.098958,-161.083740,-18.903723,170.366099,6.128778,4.673182,-3.249867,-1.648873,-4.679100,3.349681,1.489261,-0.183235,0.562339,-0.017021,4.548958,188.721766,0
0.100000,-112.345016,-88.924642,184.880304,6.411528,4.740637,-1.177314,-3.713627,-4.730561,1.311096,3.567826,-0.219765,0.562339,-0.028224,5.860918,188.571134,0
0.101042,-33.276445,-143.095416,182.689016,6.422838,4.069634,0.430439,-4.552066,-4.120386,-0.280290,4.451026,-0.230724,0.564103,-0.035692,6.358558,188.571107,0
0.102083,42.071786,-178.794487,152.934281,5.846028,2.969048,2.163916,-5.084905,-3.065446,-2.040887,4.957343,-0.227071,0.568088,-0.020755,6.878818,188.646623,0
0.103125,111.385807,-177.501830,89.288447,4.647168,1.034146,3.699282,-4.630424,-1.117299,-3.571841,4.599495,-0.238030,0.561555,-0.002084,6.234148,188.721989,0
0.104167,154.623419,-178.347494,-0.345076,2.928048,-0.662887,4.617454,-3.791986,0.613980,-4.538759,3.750557,-0.216112,0.555807,-0.020755,4.990048,188.571359,0
0.105208,167.758034,-136.825427,-75.218182,1.514298,-2.345719,4.621263,-1.993652,2.308501,-4.603220,2.067909,-0.161317,0.540717,-0.017021,4.130488,188.571033,0
0.106250,188.730318,-52.416150,-129.347917,0.485088,-4.032101,4.289807,0.047594,4.054482,-4.297029,0.019799,-0.132093,0.510602,-0.002084,1.122028,188.646426,0
0.107292,160.362724,21.676034,-169.972917,-0.261372,-4.596595,3.337347,1.532493,4.660981,-3.450976,-1.423014,-0.102869,0.531506,-0.046895,0.239848,188.721889,0
0.108333,110.580489,90.923776,-184.327084,-0.578052,-4.713754,1.390518,3.605083,4.716117,-1.448650,-3.463511,-0.069992,0.541043,-0.031958,-1.151282,188.571053,0
0.109375,31.171643,143.681083,-182.652841,-0.510192,-4.088905,-0.259143,4.525798,4.124321,0.203169,-4.449497,-0.048074,0.568153,0.001650,-1.445342,188.570975,0
0.110417,-43.790943,178.703624,-152.885796,0.032688,-2.942165,-2.000240,5.023376,2.966460,1.903333,-4.963428,-0.051727,0.573706,-0.039427,-1.841192,188.646518,0
0.111458,-111.982056,177.870042,-88.870644,1.254168,-1.014364,-3.615612,4.588485,1.080800,3.522921,-4.556090,-0.044421,0.562470,-0.017021,-1.479272,188.721858,0
0.112500,-155.242352,178.147903,0.011932,2.894118,0.707521,-4.587122,3.750046,-0.705615,4.522069,-3.783290,-0.037115,0.568872,-0.020755,-0.065522,188.571067,0
0.113542,-168.785298,137.459418,74.429546,4.296558,2.415205,-4.552833,1.928205,-2.308242,4.582502,-2.081607,-0.073645,0.559269,-0.031958,0.986308,188.495685,0
0.114583,-189.247169,54.403203,129.593372,5.382318,4.094486,-4.190898,-0.073862,-4.054223,4.219907,0.012185,-0.128440,0.560575,-0.020755,3.564988,188.646547,0
0.115625,-160.448560,-19.616496,170.907766,6.151398,4.698033,-3.238438,-1.660627,-4.671749,3.353710,1.466420,-0.179582,0.566193,-0.043161,4.662058,188.721840,0
0.116667,-112.038768,-89.818629,184.412501,6.411528,4.822293,-1.226842,-3.709709,-4.770994,1.375557,3.564019,-0.197847,0.557636,-0.005818,5.838298,188.571084,0
0.117708,-32.357702,-143.771946,182.381251,6.377598,4.119338,0.426629,-4.599081,-4.208604,-0.292377,4.458640,-0.230724,0.565671,-0.009553,6.335938,188.495669,0
0.118750,43.376174,-178.552869,152.835796,5.846028,3.001000,2.167726,-5.092741,-3.010310,-2.020743,4.983991,-0.216112,0.552214,0.001650,6.844888,188.646424,0
0.119792,112.417974,-177.525992,88.106629,4.613238,1.090951,3.691662,-4.614753,-1.132002,-3.600042,4.553812,-0.259948,0.560771,-0.013287,6.347248,188.645725,0
0.120833,154.816241,-178.154199,-1.243750,2.894118,-0.662887,4.628883,-3.854673,0.591925,-4.595162,3.800047,-0.208806,0.558485,-0.020755,5.091838,188.571002,0
0.121875,167.871459,-136.136815,-75.833712,1.548228,-2.327967,4.670791,-2.024995,2.282770,-4.619335,2.067909,-0.190541,0.554827,-0.035692,4.073938,188.495774,0
0.122917,188.832400,-51.703377,-129.914205,0.507708,-4.007249,4.312666,-0.038600,4.017724,-4.301058,0.076903,-0.121134,0.539737,-0.009553,1.099408,188.646558,0
0.123958,159.806941,22.183432,-170.428410,-0.250062,-4.607246,3.409734,1.481560,4.616872,-3.483206,-1.392559,-0.073645,0.569068,0.001650,0.171988,188.646482,0
0.125000,110.376324,91.334526,-184.536364,-0.555432,-4.759908,1.420997,3.561985,4.723468,-1.496996,-3.482545,-0.084604,0.557636,-0.013287,-1.106042,188.571013,0
0.126042,31.114931,144.188481,-182.135796,-0.555432,-4.159911,-0.209615,4.517962,4.153727,0.166909,-4.460917,-0.066339,0.561033,0.001650,-1.501892,188.495770,0
0.127083,-43.836313,178.921080,-152.602652,-0.012552,-2.981218,-2.000240,5.046884,3.036299,1.842901,-5.016724,-0.018850,0.566977,-0.028224,-1.762022,188.721973,0
0.128125,-112.821401,177.410967,-88.661364,1.254168,-1.071169,-3.581324,4.627665,1.172694,3.490690,-4.636035,-0.037115,0.569786,-0.020755,-1.422722,188.646699,0
0.129167,-155.673368,177.845880,0.282765,2.882808,0.654267,-4.529974,3.863666,-0.599018,4.522069,-3.840393,-0.069992,0.569002,-0.043161,0.036268,188.571084,0
0.130208,-168.524421,137.290285,75.254356,4.285248,2.358400,-4.571882,1.983056,-2.267808,4.606675,-2.150132,-0.121134,0.563972,-0.028224,1.291678,188.495749,0
0.131250,-189.043004,53.654187,130.430493,5.348388,4.027031,-4.267095,-0.019011,-4.024817,4.296455,-0.086794,-0.110175,0.561294,-0.028224,3.576298,188.721953,0
0.132292,-160.289765,-20.365512,170.784660,6.151398,4.666081,-3.314635,-1.562679,-4.704831,3.430258,1.397895,-0.146705,0.575796,-0.009553,4.560268,188.721996,0
0.133333,-111.085998,-90.785101,184.547917,6.434148,4.822293,-1.325898,-3.643104,-4.796724,1.415845,3.525950,-0.212459,0.546988,-0.013287,5.894848,188.571120,1
0.134375,-31.484330,-144.098131,182.122728,6.377598,4.158391,0.312334,-4.599081,-4.263741,-0.183599,4.454833,-0.238030,0.569460,-0.013287,6.369868,188.495700,1
0.135417,44.272231,-178.818649,152.392614,5.846028,3.047154,2.061050,-5.084905,-3.161016,-1.911965,5.018253,-0.245336,0.579520,-0.031958,6.844888,188.720248,1
0.136458,113.245977,-177.272293,87.774243,4.579308,1.193909,3.680233,-4.697029,-1.231247,-3.539610,4.656598,-0.197847,0.563384,-0.039427,6.188908,188.721911,1
0.137500,155.258599,-177.731368,-2.031629,2.939358,-0.559929,4.659362,-3.960457,0.525762,-4.550845,3.879992,-0.230724,0.563580,0.005384,4.956118,188.571161,1
0.138542,167.724007,-136.003925,-76.436932,1.548228,-2.306665,4.750798,-2.142533,2.216607,-4.716027,2.208764,-0.172276,0.559988,-0.024490,4.085248,188.495776,1
0.139583,188.582865,-51.473840,-130.566667,0.496398,-4.014349,4.396483,-0.116959,3.995670,-4.381634,0.164461,-0.150358,0.550646,-0.073035,1.122028,188.721953,1
0.140625,159.523379,22.195513,-170.822349,-0.283992,-4.642749,3.478311,1.458052,4.679359,-3.604071,-1.335456,-0.102869,0.559138,-0.024490,0.228538,188.648622,1
0.141667,110.228872,91.878167,-184.240910,-0.566742,-4.816712,1.478145,3.558067,4.774929,-1.597716,-3.436862,-0.055380,0.563188,-0.046895,-1.185212,188.571049,1
0.142708,30.944793,144.707960,-181.901894,-0.521502,-4.202514,-0.186756,4.545388,4.186809,0.082304,-4.457110,-0.062686,0.573836,-0.043161,-1.501892,188.495640,1
0.143750,-44.119875,178.788191,-152.491857,-0.012552,-3.069975,-1.939282,5.050802,3.109814,1.830814,-5.039565,-0.037115,0.573706,-0.024490,-1.863812,188.721862,1
0.144792,-113.558663,177.568019,-88.255114,1.242858,-1.170576,-3.577514,4.651172,1.183721,3.502776,-4.666490,-0.048074,0.569002,0.001650,-1.467962,188.642036,1
0.145833,-156.059013,177.531777,0.849053,2.928048,0.565510,-4.568072,3.879338,-0.558585,4.522069,-3.905111,-0.077298,0.575992,-0.035692,-0.020282,188.554528,1
0.146875,-168.910066,136.456703,75.869887,4.330488,2.351300,-4.606171,2.069251,-2.256781,4.655020,-2.203428,-0.110175,0.567173,-0.024490,1.031548,188.700790,1
0.147917,-189.133744,53.025980,130.762879,5.359698,4.055433,-4.267095,0.031922,-4.024817,4.332714,-0.121056,-0.128440,0.562862,-0.046895,3.655468,188.708047,1
0.148958,-159.665928,-21.464874,171.129357,6.140088,4.680282,-3.295586,-1.582268,-4.737912,3.466517,1.390282,-0.157664,0.572530,-0.035692,4.718608,188.645480,1
0.150000,-110.518873,-91.848221,184.190910,6.354978,4.793891,-1.310659,-3.643104,-4.774670,1.444047,3.518336,-0.190541,0.526019,-0.031958,5.860918,188.564065,1
0.151041,-30.191285,-144.835066,181.864205,6.388908,4.208095,0.335193,-4.610835,-4.223307,-0.179570,4.451026,-0.230724,0.540325,-0.035692,6.335938,188.569197,1
0.152083,45.508564,-178.504545,152.331061,5.857338,3.075556,2.091529,-5.151510,-3.116907,-1.936138,5.098198,-0.263601,0.553782,-0.024490,6.810958,188.703272,1
0.153125,114.130692,-177.381021,86.740152,4.567998,1.176157,3.710711,-4.747963,-1.275356,-3.579898,4.679440,-0.212459,0.565606,-0.028224,6.313318,188.643867,1
0.154167,155.372024,-177.441426,-2.548674,2.905428,-0.506674,4.689840,-3.987883,0.500032,-4.611277,3.952323,-0.241683,0.568284,-0.035692,5.080528,188.565445,1
0.155208,167.871459,-135.279071,-76.818561,1.536918,-2.292464,4.731749,-2.154287,2.183525,-4.711998,2.231606,-0.197847,0.563058,-0.028224,4.028698,188.565367,1
0.156250,188.628235,-51.111413,-130.997538,0.451158,-3.993048,4.415532,-0.132631,3.955237,-4.417894,0.198723,-0.143052,0.550058,-0.013287,1.065478,188.718518,1
0.157292,159.046994,22.219675,-171.093182,-0.317922,-4.681802,3.524029,1.422791,4.668332,-3.587956,-1.320228,-0.117481,0.570766,-0.039427,0.149368,188.563267,1
0.158333,109.945309,92.240594,-184.179357,-0.544122,-4.809612,1.520053,3.542396,4.808011,-1.581601,-3.471124,-0.055380,0.570766,-0.031958,-1.139972,188.562413,1
0.159375,30.865396,145.203277,-181.335607,-0.476262,-4.241567,-0.133418,4.537552,4.256648,0.062160,-4.438076,-0.088257,0.574620,-0.002084,-1.535822,188.566869,1
0.160417,-44.403438,178.896919,-152.196402,-0.023862,-3.084176,-1.924043,5.058638,3.128193,1.838872,-5.020531,-0.033462,0.578540,-0.039427,-1.773332,188.719443,1
0.161458,-114.386666,177.084783,-87.651894,1.242858,-1.198979,-3.539415,4.670762,1.249885,3.486661,-4.700752,-0.040768,0.571615,-0.039427,-1.388792,188.566788,1
0.162500,-156.444658,177.217673,1.796970,2.928048,0.551309,-4.568072,3.918518,-0.525503,4.526098,-3.946986,-0.055380,0.572726,-0.046895,0.092818,188.566710,1
0.163542,-168.592476,136.021790,76.842424,4.353108,2.298045,-4.602361,2.057497,-2.260457,4.618761,-2.226269,-0.110175,0.564234,-0.017021,1.393468,188.568269,1
0.164583,-189.043004,51.878294,131.403031,5.461488,3.998629,-4.263285,0.071102,-3.995411,4.316599,-0.185773,-0.121134,0.564234,0.009119,3.542368,188.718630,1
0.165625,-159.348338,-22.201809,171.043182,7.180608,4.680282,-3.310825,-1.472566,-4.686452,3.498748,1.321758,-0.241683,0.568023,-0.125314,3.531058,188.568131,1
0.166667,-109.486705,-92.681803,184.203220,9.499158,4.836494,-1.245891,-3.572581,-4.763643,1.508508,3.446005,-0.333008,0.520205,-0.147720,2.886388,188.569293,1
0.167708,-29.408652,-145.185412,181.347160,9.940248,4.236497,0.377101,-4.579491,-4.282119,-0.139281,4.416764,-0.358579,0.553847,-0.125314,2.909008,188.567117,1
0.168750,46.291196,-178.637435,151.863258,10.019418,3.128811,2.175346,-5.128003,-3.219828,-1.899878,5.018253,-0.380497,0.567108,-0.170125,2.750668,188.718945,1
0.169792,114.867954,-177.091080,86.555493,8.096718,1.279116,3.764049,-4.810650,-1.334168,-3.503351,4.744157,-0.376844,0.565736,-0.155188,2.773288,188.567896,1
0.170833,155.973176,-176.958190,-2.905682,5.223978,-0.439219,4.743178,-4.070159,0.437544,-4.558903,3.967550,-0.267254,0.568806,-0.080503,2.716738,188.492734,1
0.171875,167.916829,-134.977048,-77.249432,3.142938,-2.256962,4.739368,-2.236564,2.121037,-4.724085,2.311550,-0.216112,0.563842,-0.046895,2.501848,188.569315,1
0.172917,188.582865,-50.893956,-131.723864,-0.725082,-3.943344,4.369814,-0.218826,3.918479,-4.486384,0.263440,-0.110175,0.551626,0.024056,2.241718,188.719597,1
0.173958,158.729404,22.388807,-171.585607,-2.432892,-4.628547,3.459262,1.360104,4.605844,-3.640331,-1.274545,-0.059033,0.571550,0.038993,2.286958,188.568185,1
0.175000,109.536979,92.590940,-184.080872,-3.801402,-4.767008,1.417187,3.487544,4.741847,-1.629947,-3.375952,0.046904,0.559008,0.095006,2.015518,188.561468,1
0.176041,30.468408,145.710675,-180.744698,-4.118082,-4.142159,-0.266762,4.455275,4.208863,0.025900,-4.388586,0.094393,0.568480,0.095006,2.072068,188.644894,1
0.177083,-45.095330,178.619058,-151.950190,-4.072842,-3.087727,-2.011669,4.988115,3.095111,1.762324,-4.952007,0.083434,0.572203,0.083804,2.230408,188.721808,1
0.178125,-114.829023,177.302239,-86.396212,-2.500752,-1.213180,-3.646091,4.635500,1.271939,3.410114,-4.628421,0.076128,0.568937,0.106209,2.264338,188.571116,1
0.179167,-156.524055,176.794841,2.757197,0.666048,0.476753,-4.545213,3.902846,-0.451988,4.433435,-3.920338,-0.022503,0.568219,0.027790,2.219098,188.495883,1
0.180208,-168.796641,134.680810,77.384091,3.109008,2.301596,-4.541403,2.049661,-2.216348,4.566386,-2.157745,-0.062686,0.559138,0.024056,2.275648,188.571109,1
0.181250,-188.974949,50.380262,131.686175,6.637728,3.970226,-4.137560,0.067184,-3.929247,4.260196,-0.155318,-0.201500,0.562209,-0.095440,2.513158,188.721851,1
0.182292,-158.350198,-23.421981,171.621781,8.356848,4.619927,-3.204149,-1.468648,-4.605585,3.466517,1.329371,-0.252642,0.556525,-0.121580,2.637568,188.571053,1
0.183334,-108.794813,-93.769085,183.760038,9.634878,4.818743,-1.200173,-3.584335,-4.726885,1.440018,3.446005,-0.347620,0.516938,-0.110377,2.694118,188.495866,1
0.184375,-28.240374,-145.922347,180.953220,10.098588,4.169042,0.422819,-4.516804,-4.157144,-0.135253,4.378695,-0.336661,0.531049,-0.185062,2.705428,188.571223,1
0.185417,47.482159,-178.166280,151.777084,10.143828,3.054255,2.186775,-5.026136,-3.094852,-1.863619,4.961150,-0.373191,0.543656,-0.214936,2.637568,188.646455,1
0.186458,115.559847,-177.211889,85.225947,8.311608,1.208110,3.786908,-4.755799,-1.268004,-3.479178,4.645178,-0.347620,0.563254,-0.170125,2.637568,188.562161,1
0.187500,156.370164,-176.438711,-3.385795,5.416248,-0.478272,4.712700,-4.003554,0.441220,-4.538759,3.944709,-0.300131,0.568676,-0.091706,2.603638,188.478539,1
0.188542,168.336502,-133.986414,-77.347917,3.029838,-2.221459,4.708890,-2.173877,2.165146,-4.639479,2.204957,-0.197847,0.563776,-0.028224,2.569708,188.642637,1
0.189583,188.616893,-50.277830,-131.982387,-0.849492,-3.893640,4.312666,-0.199236,3.903776,-4.401779,0.221565,-0.073645,0.554827,0.020321,2.343508,188.643544,1
0.190625,157.901401,22.751234,-171.954925,-2.523372,-4.603695,3.413544,1.391447,4.583790,-3.531552,-1.263125,-0.007891,0.571746,0.046461,2.298268,188.569089,1
0.191666,109.276102,93.364118,-183.834660,-4.004982,-4.777659,1.360040,3.448365,4.738171,-1.609803,-3.421635,0.061516,0.565801,0.098741,2.253028,188.493166,1
0.192708,29.992023,146.302640,-180.400001,-4.287732,-4.149260,-0.293431,4.459193,4.186809,0.033958,-4.396200,0.090740,0.571354,0.132349,2.173858,188.568413,1
0.193750,-46.252265,178.401602,-151.864016,-4.050222,-3.048674,-2.068817,4.968525,3.113490,1.766353,-4.971041,0.094393,0.572203,0.132349,2.207788,188.635756,1
0.194792,-115.566286,177.121026,-85.300568,-2.387652,-1.184778,-3.649901,4.631582,1.238857,3.385941,-4.605579,0.090740,0.565148,0.087538,2.230408,188.551019,1
0.195833,-156.955070,176.613628,4.135985,0.666048,0.533557,-4.560453,3.863666,-0.496097,4.433435,-3.889883,0.006721,0.566063,0.016587,2.354818,188.482113,1
0.196875,-168.705901,133.919713,78.381250,3.403068,2.290945,-4.575692,2.014399,-2.245754,4.574444,-2.150132,-0.077298,0.557962,-0.005818,2.411368,188.643280,1
0.197917,-189.337909,49.148010,132.227841,6.615108,4.002179,-4.175659,0.078938,-3.929247,4.308542,-0.166739,-0.186888,0.538300,-0.114112,2.524468,188.721869,1
0.198958,-157.941868,-24.315968,171.671023,8.311608,4.651880,-3.238438,-1.550925,-4.616613,3.478604,1.348406,-0.245336,0.558420,-0.151454,2.592328,188.571029,1
0.200000,-107.944125,-94.469777,183.883144,9.736668,4.854246,-1.219222,-3.572581,-4.730561,1.464191,3.468847,-0.362232,0.533074,-0.151454,2.648878,188.495794,1
0.201041,-27.718619,-146.357260,180.522349,10.121208,4.218746,0.392340,-4.540312,-4.230659,-0.167483,4.420571,-0.354926,0.539802,-0.170125,2.671498,188.571107,1
0.202083,48.162709,-178.226685,151.666288,9.974178,3.093308,2.190585,-5.120167,-3.109555,-1.924051,4.987798,-0.347620,0.552214,-0.203734,2.728048,188.646549,1
0.203125,116.104287,-176.994432,85.041288,8.096718,1.211660,3.767859,-4.779306,-1.268004,-3.511408,4.698474,-0.362232,0.569264,-0.181328,2.694118,188.571259,1
0.204167,156.891919,-176.221255,-3.804356,5.257908,-0.478272,4.716509,-4.038816,0.415489,-4.587104,3.986585,-0.289172,0.569590,-0.095440,2.637568,188.495787,1
0.205208,168.461269,-133.430693,-77.766478,3.041148,-2.249861,4.708890,-2.154287,2.146768,-4.675739,2.235413,-0.227071,0.563580,-0.069301,2.558398,188.571051,1
0.206250,188.821058,-49.577138,-132.548675,-0.883422,-3.964645,4.327906,-0.234497,3.903776,-4.434009,0.236792,-0.073645,0.565475,0.027790,2.354818,188.571011,1
0.207292,157.481729,23.113662,-172.545834,-2.478132,-4.642749,3.398305,1.391447,4.613196,-3.624215,-1.255511,0.014027,0.576645,0.042727,2.309578,188.542035,1
0.208333,108.867772,94.064811,-183.723864,-4.072842,-4.727955,1.329561,3.526724,4.800659,-1.565486,-3.398793,0.061516,0.560184,0.061398,2.241718,188.486613,1
0.209375,28.982541,146.882523,-180.116857,-4.253802,-4.156360,-0.323910,4.490537,4.201512,0.029929,-4.396200,0.112658,0.565867,0.098741,2.185168,188.641415,1
0.210417,-47.567995,177.906285,-151.802463,-4.038912,-2.991869,-2.049768,4.952853,3.080408,1.842901,-4.971041,0.094393,0.570178,0.128615,2.162548,188.568198,1
0.211458,-116.360261,177.628424,-83.601705,-2.342412,-1.110222,-3.657520,4.600239,1.187397,3.422200,-4.578931,0.083434,0.563972,0.121146,2.207788,188.568176,1
0.212500,-157.159235,176.275363,5.219318,0.699978,0.544208,-4.545213,3.851913,-0.521827,4.453579,-3.878462,0.006721,0.561033,0.046461,2.309578,188.483549,1
0.213541,-169.057518,131.962607,79.033712,3.131628,2.344199,-4.514735,1.943877,-2.227375,4.514012,-2.066380,-0.066339,0.548490,0.001650,2.411368,188.646268,1
0.214583,-189.303881,47.710382,132.363258,6.682968,3.931173,-4.129941,0.028005,-3.936599,4.199763,-0.136284,-0.194194,0.564038,-0.095440,2.603638,188.571187,1
0.215625,-156.921043,-25.306602,172.360417,8.413398,4.616377,-3.154621,-1.547007,-4.605585,3.418171,1.375054,-0.230724,0.560249,-0.170125,2.603638,188.571330,1
0.216666,-107.626535,-95.303360,183.366099,9.668808,4.754838,-1.207793,-3.603925,-4.704831,1.427932,3.426971,-0.333008,0.534184,-0.158923,2.660188,188.495968,1
0.217708,-27.038069,-147.057952,180.202273,10.087278,4.112238,0.491396,-4.559902,-4.164495,-0.207772,4.382502,-0.369538,0.548164,-0.177594,2.728048,188.571511,1
0.218750,49.002054,-177.405183,151.777084,9.974178,3.018752,2.182965,-5.077069,-3.058095,-1.932109,4.968764,-0.365885,0.558485,-0.147720,2.716738,188.571404,1
0.219791,116.455904,-177.465588,83.564015,8.175888,1.169057,3.805957,-4.700947,-1.256977,-3.495293,4.603302,-0.380497,0.565997,-0.170125,2.671498,188.571494,1
0.220833,157.096084,-175.665533,-4.382955,5.371008,-0.499574,4.670791,-3.983965,0.430192,-4.514586,3.872378,-0.285519,0.571093,-0.091706,2.626258,188.496145,1
0.221875,169.164504,-132.198440,-77.901894,2.928048,-2.310216,4.666981,-2.048503,2.194552,-4.627393,2.193537,-0.164970,0.562862,-0.031958,2.524468,188.571500,1
0.222917,188.787030,-48.683151,-132.684091,-0.996522,-3.932693,4.274568,-0.116959,3.885397,-4.357461,0.149234,-0.069992,0.563254,0.057664,2.343508,188.571549,1
0.223958,156.665069,24.164700,-172.878220,-2.591232,-4.575293,3.299249,1.489396,4.554384,-3.503351,-1.354490,-0.022503,0.566128,0.057664,2.298268,188.572239,1
0.225000,108.051112,95.031283,-183.428410,-3.948432,-4.656950,1.257174,3.479708,4.683035,-1.509082,-3.414021,0.039598,0.558289,0.065132,2.230408,188.496159,1
0.226042,27.802921,147.522811,-179.809091,-4.287732,-4.078254,-0.384867,4.439603,4.146376,0.118563,-4.350517,0.072475,0.564887,0.087538,2.207788,188.496190,1
0.227083,-49.087890,177.568019,-151.519319,-3.993672,-2.924414,-2.038338,4.898002,3.043651,1.798583,-4.872062,0.083434,0.558616,0.106209,2.185168,188.571502,1
0.228125,-116.995441,177.712990,-82.210606,-2.297172,-1.081819,-3.672760,4.541470,1.128585,3.414142,-4.529441,0.112658,0.560575,0.083804,2.230408,188.571567,1
0.229166,-157.170578,175.949178,6.351894,0.824388,0.572610,-4.552833,3.804897,-0.554909,4.441493,-3.794711,-0.000585,0.560053,0.042727,2.320888,188.496154,1
0.230208,-169.148258,131.032377,79.673864,3.493548,2.365501,-4.465207,1.916451,-2.242078,4.505954,-2.039732,-0.069992,0.546857,0.016587,2.422678,188.571446,1
0.231250,-189.439991,46.441887,132.855682,6.637728,3.948925,-4.084223,0.071102,-3.888814,4.179619,-0.117249,-0.179582,0.518245,-0.121580,2.558398,188.496139,1
0.232291,-156.456000,-25.874404,172.754357,8.334228,4.587975,-3.139382,-1.547007,-4.513692,3.381912,1.367440,-0.252642,0.526868,-0.129049,2.614948,188.571536,1
0.233333,-106.923300,-95.834919,183.304546,9.747978,4.733536,-1.173504,-3.607843,-4.737912,1.363470,3.415550,-0.351273,0.553651,-0.177594,2.694118,188.496177,1
0.234375,-26.618397,-147.468703,179.488258,10.189068,4.119338,0.499016,-4.536394,-4.179198,-0.199714,4.378695,-0.365885,0.565736,-0.177594,2.705428,188.645565,1
0.235417,49.739316,-177.320617,151.444697,9.951558,2.983249,2.209634,-5.041808,-3.032364,-1.936138,4.911660,-0.325702,0.567043,-0.147720,2.728048,188.493869,1
0.236458,117.057057,-177.284374,82.862311,8.108028,1.144205,3.802148,-4.638260,-1.194489,-3.527523,4.572847,-0.347620,0.561751,-0.162657,2.694118,188.568394,1
0.237500,157.425016,-175.303106,-4.789205,5.223978,-0.531526,4.689840,-3.933031,0.514735,-4.514586,3.845730,-0.296478,0.567500,-0.106643,2.603638,188.490845,1
0.238541,169.459409,-131.207806,-78.406629,2.961978,-2.331517,4.621263,-2.013241,2.227634,-4.583076,2.102171,-0.208806,0.556721,-0.039427,2.513158,188.569568,1
0.239583,189.002538,-47.499222,-133.188826,-0.996522,-3.907841,4.190751,-0.097369,3.944209,-4.276885,0.164461,-0.077298,0.560053,0.065132,2.332198,188.494819,1
0.240625,156.041231,25.082849,-173.346023,-2.545992,-4.553992,3.242101,1.477642,4.547032,-3.434860,-1.384945,-0.015197,0.552279,0.053930,2.309578,188.496116,1
0.241666,107.359219,96.299778,-183.182198,-4.027602,-4.674701,1.238125,3.507134,4.683035,-1.436563,-3.414021,0.050557,0.562405,0.098741,2.230408,188.491223,1
0.242708,26.192285,148.259746,-179.525948,-4.253802,-4.021450,-0.396297,4.427850,4.076536,0.174967,-4.342904,0.112658,0.549862,0.095006,2.253028,188.703024,1
0.243750,-50.902690,176.806922,-151.593182,-4.084152,-2.853408,-2.137394,4.870577,2.973811,1.891246,-4.898710,0.050557,0.542546,0.109943,2.241718,188.548581,1
0.244792,-117.710018,178.425763,-80.265531,-2.342412,-0.989512,-3.695619,4.478783,1.099179,3.458459,-4.533248,0.112658,0.553586,0.091272,2.241718,188.486012,1
0.245833,-157.227290,175.550508,7.484470,0.801768,0.647166,-4.549023,3.750046,-0.576963,4.429406,-3.733800,0.024986,0.556003,0.057664,2.298268,188.494069,1
0.246875,-170.044316,129.449779,79.821591,3.244728,2.432956,-4.472826,1.802831,-2.341323,4.453579,-1.959787,-0.088257,0.543852,0.001650,2.400058,188.646297,1
0.247916,-189.337909,45.463334,133.077273,6.762138,3.987978,-4.030885,-0.019011,-3.988059,4.119187,-0.060146,-0.230724,0.542415,-0.117846,2.558398,188.491869,1
0.248958,-155.627998,-26.526773,173.677652,8.458638,4.584425,-3.055566,-1.656709,-4.579855,3.293278,1.451192,-0.267254,0.541697,-0.114112,2.603638,188.495966,1
0.250000,-106.923300,-96.849715,182.652084,9.702738,4.722885,-1.055399,-3.615678,-4.723209,1.335269,3.503109,-0.318396,0.551887,-0.132783,2.660188,188.487143,1
0.251041,-26.039929,-148.362690,179.389773,10.109898,4.051883,0.579022,-4.555984,-4.087305,-0.268204,4.424378,-0.373191,0.561098,-0.136517,2.705428,188.495374,1
0.252083,50.873567,-176.305821,151.727841,9.962868,2.883841,2.262972,-5.018300,-2.966201,-2.000599,4.915467,-0.384150,0.566259,-0.211202,2.682808,188.491042,1
0.253125,117.454044,-178.395817,80.978788,8.153268,0.991543,3.821197,-4.638260,-1.117299,-3.527523,4.565233,-0.351273,0.561751,-0.166391,2.626258,188.472238,1
0.254166,157.674551,-174.699061,-5.921780,5.291838,-0.588331,4.670791,-3.839001,0.566195,-4.538759,3.815274,-0.303784,0.564560,-0.110377,2.603638,188.496814,1
0.255208,170.536947,-129.890988,-78.788258,2.814948,-2.374121,4.674601,-1.927047,2.312176,-4.603220,1.999385,-0.179582,0.557832,-0.017021,2.513158,188.497788,1
0.256250,189.002538,-45.989109,-133.275000,-1.087002,-3.950444,4.160273,-0.007257,3.962588,-4.252712,0.061675,-0.084604,0.559204,0.027790,2.343508,188.513462,1
0.257291,155.440079,26.423829,-173.752273,-2.670402,-4.575293,3.158285,1.614770,4.539681,-3.334140,-1.476311,-0.026156,0.565214,0.057664,2.332198,188.493384,1
0.258333,106.293024,97.640758,-182.640531,-3.982362,-4.671151,1.169548,3.546313,4.712441,-1.376131,-3.513000,0.046904,0.524647,0.091272,2.253028,188.501836,1
0.259375,24.853870,148.887953,-179.525948,-4.321662,-3.982397,-0.495353,4.459193,4.058158,0.203169,-4.369552,0.123617,0.565279,0.102475,2.207788,188.574534,1
0.260416,-52.479298,176.275363,-151.470076,-3.959742,-2.814355,-2.167873,4.913674,2.863539,1.975852,-4.898710,0.079781,0.574751,0.128615,2.219098,188.488294,1
0.261458,-118.209088,179.053970,-78.812879,-2.274552,-0.954009,-3.718478,4.478783,1.047718,3.478604,-4.468531,0.116311,0.557244,0.109943,2.241718,188.482690,1
0.262500,-157.533538,175.163919,8.210795,0.914868,0.668468,-4.583312,3.746128,-0.668857,4.453579,-3.707152,0.021333,0.558289,0.012853,2.320888,188.483341,1
0.263542,-170.566071,128.700763,80.252462,3.550098,2.507512,-4.488066,1.826338,-2.367054,4.469695,-1.910297,-0.059033,0.552998,-0.039427,2.422678,188.573171,1
0.264583,-189.542074,44.629752,133.631250,6.728208,4.009280,-4.046124,-0.066026,-4.017465,4.171561,-0.006849,-0.208806,0.552932,-0.076769,2.581018,188.498078,1
0.265625,-155.321750,-26.973767,174.243940,8.379468,4.669631,-3.093664,-1.727232,-4.634991,3.261047,1.519716,-0.256295,0.558289,-0.143986,2.592328,188.498615,1
