1-Time,2-VGERA,3-VGERB,4-VGERC,5-VN,6-IGERAN,7-IGERBN,8-IGERCN,9-IGERAT,10-IGERBT,11-IGERCT,12-IN,13-IFD,14-IFAULT,15-VFAULT,16-Speed (rad/s),17-Active Power,18-Reactive Power,19-FAULT 
0.000000,-124.030879,-54.028455,189.753368,3.894726,3.304523,2.105141,-4.969651,-3.080666,-2.013605,5.045635,-0.236703,0.434642,-0.078573,64.010044,187.891998,1378.897378,-98.740679,0
0.001042,-50.479665,-111.285379,190.847019,3.928504,1.385388,3.863071,-4.670641,-1.220015,-3.721509,4.754190,-0.200241,0.427958,-0.086006,-68.905736,187.892050,1382.543789,-101.419271,0
0.002083,15.873497,-163.139598,163.918914,3.466873,-0.555763,4.900933,-3.709267,0.705922,-4.884068,3.868501,-0.236703,0.425753,-0.074856,-182.175740,187.683176,1386.625555,-104.627587,0
0.003125,70.655535,-184.879612,96.051828,2.183313,-2.695065,5.146319,-1.794089,2.649994,-5.057395,1.979789,-0.149195,0.416659,-0.059989,-259.970764,187.832365,1390.750438,-107.088314,0
0.004168,131.528232,-185.196727,23.275466,0.775900,-4.214227,4.760138,-0.106006,4.195096,-4.795291,0.227336,-0.141902,0.411353,-0.045123,-322.488240,187.905781,1394.044313,-109.645225,0
0.005208,170.501675,-138.193197,-39.682345,-0.462623,-5.069214,3.420571,1.937860,4.974901,-3.472087,-1.797636,-0.090856,0.414936,-0.071140,-308.336526,187.897306,1397.820720,-112.911668,0
0.006250,197.519796,-64.963059,-91.873775,-1.487219,-5.351764,1.658619,3.754630,5.323093,-1.764183,-3.746908,-0.036163,0.409493,-0.093440,-256.717108,187.750269,1401.066491,-115.332105,0
0.007292,168.569388,-3.395716,-153.908059,-2.680705,-4.654564,-0.167697,4.723575,4.641217,0.036726,-4.685587,-0.014286,0.403637,-0.063706,-166.898194,187.901674,1405.318041,-118.659598,0
0.008333,122.917689,55.023964,-189.378789,-3.288707,-3.344562,-2.162968,5.208047,3.491458,2.057465,-5.294971,-0.006994,0.417417,-0.063706,-62.488491,187.899530,1408.617932,-121.055096,0
0.009375,49.016178,111.728873,-191.347359,-3.446337,-1.388733,-3.961124,4.962026,1.554640,3.858374,-5.033807,0.000299,0.417072,-0.074856,69.976956,187.910239,1413.588529,-123.393104,0
0.010417,-16.206991,162.408591,-164.006098,-2.860854,0.614799,-4.942669,3.936307,-0.331400,4.940610,-4.049708,-0.025225,0.437880,-0.067423,181.378078,187.768254,1416.469839,-125.378314,0
0.011467,-70.672632,187.495933,-93.441341,-1.566034,2.845838,-5.220237,1.975710,-2.406044,5.194260,-2.066371,-0.079917,0.411284,-0.063706,263.530073,187.910111,1420.192023,-128.491788,0
0.012510,-132.268524,183.502629,-23.301892,-0.226178,4.262255,-4.705328,0.196789,-3.896741,4.779966,-0.287423,-0.112733,0.418519,-0.074856,313.595843,187.905576,1421.737872,-131.208645,0
0.013547,-173.411553,136.581314,38.659482,1.001086,5.168615,-3.385875,-1.858432,-4.701935,3.511720,1.771614,-0.171072,0.417348,-0.045123,310.724970,187.914668,1426.276978,-133.157913,0
0.014589,-197.265695,65.336083,92.783028,2.081979,5.366766,-1.591741,-3.652493,-5.006603,1.689673,3.705747,-0.196595,0.422722,-0.048839,256.133354,187.974636,1428.604054,-135.953101,0
0.015629,-168.484785,4.132835,155.765143,3.286724,4.695253,0.274802,-4.659286,-4.292084,-0.102781,4.640640,-0.225764,0.425340,-0.037689,167.125039,187.974231,1432.313466,-138.564084,0
0.016671,-123.669281,-54.815370,189.024268,3.894726,3.271497,2.282141,-5.011286,-3.033515,-2.161567,5.136475,-0.240349,0.422584,-0.048839,62.197454,187.971764,1433.356618,-140.446174,0
0.017714,-48.660377,-112.859210,191.952821,4.007319,1.330346,4.152707,-4.803114,-1.154729,-3.958248,4.867740,-0.203887,0.430163,-0.059989,-72.440850,187.893488,1436.773618,-142.111477,0
0.018760,17.636285,-162.211743,163.080449,3.433095,-0.713550,5.045751,-3.667633,0.818359,-4.934798,3.857146,-0.196595,0.428854,-0.067423,-182.918790,187.967672,1436.842394,-143.089104,0
0.019805,70.825033,-189.507146,91.227614,2.036942,-2.977615,5.303205,-1.733530,2.911138,-5.196902,1.907874,-0.152841,0.415350,-0.086006,-265.307210,188.118239,1440.170328,-145.166725,0
0.020838,131.573432,-183.857796,22.765096,0.742122,-4.353667,4.772206,-0.000028,4.351057,-4.786836,0.106216,-0.127317,0.414523,-0.052556,-317.928619,187.967630,1440.777834,-147.437214,0
0.021884,174.287150,-135.433120,-39.099065,-0.451364,-5.260027,3.408503,2.081688,5.138116,-3.446723,-1.967961,-0.083563,0.415556,-0.056273,-312.321973,187.967573,1443.265863,-149.398722,0
0.022922,197.067799,-63.459698,-92.214022,-1.453441,-5.373781,1.622414,3.853039,5.431903,-1.696543,-3.841533,-0.028871,0.398125,-0.059989,-254.229018,188.042859,1444.583982,-150.376779,0
0.023961,168.524188,-2.608801,-155.196136,-2.691964,-4.687589,-0.292402,4.878757,4.633963,0.133958,-4.806707,-0.003348,0.420241,-0.067423,-166.211436,188.118230,1446.033467,-151.861369,0
0.025001,122.318793,55.094434,-189.147907,-3.299967,-3.263834,-2.243422,5.230756,3.429799,2.167379,-5.313896,0.000299,0.402190,-0.082290,-61.486501,188.118302,1446.014377,-153.445626,0
0.026042,47.897485,112.116458,-192.258735,-3.412560,-1.363047,-4.037556,4.988520,1.525624,3.900649,-5.045162,-0.006994,0.410044,-0.037689,71.429280,187.967439,1446.637311,-153.765638,0
0.027083,-16.726788,162.103221,-163.447121,-2.894632,0.618468,-4.998987,3.879533,-0.396686,4.978658,-4.026998,-0.032517,0.411147,-0.041406,181.456887,188.118371,1446.650235,-154.597181,0
0.028125,-69.723438,187.695598,-93.477796,-1.566034,2.893542,-5.280577,1.990849,-2.424179,5.164667,-2.081511,-0.076271,0.417968,-0.063706,262.528082,188.118353,1446.419032,-154.900463,0
0.029167,-131.793928,184.125115,-24.006689,-0.214918,4.302619,-4.745555,0.215714,-3.864098,4.830696,-0.276068,-0.079917,0.416796,-0.045123,313.708426,188.193655,1446.725477,-155.000652,0
0.030208,-173.479352,136.769234,38.076202,1.001086,5.142928,-3.341625,-1.858432,-4.662038,3.452535,1.828389,-0.149195,0.416728,-0.078573,310.837553,188.042962,1445.920153,-156.176716,0
0.031250,-197.231795,64.960243,92.199748,2.048201,5.374105,-1.511287,-3.625998,-4.955825,1.723493,3.698177,-0.196595,0.414729,-0.071140,255.998254,188.193660,1445.263391,-155.813027,0
0.032292,-168.529985,4.262030,155.279076,3.297983,4.621863,0.266757,-4.613867,-4.190528,-0.115463,4.606575,-0.233057,0.411560,-0.048839,167.406497,188.196013,1443.728336,-156.369177,0
0.033333,-123.386783,-54.087180,189.425273,3.917245,3.231133,2.278118,-4.981006,-3.022634,-2.140429,5.102410,-0.214826,0.423686,-0.052556,62.872953,188.194014,1443.145292,-156.303237,0
0.034375,-48.999375,-112.072295,191.770546,4.007319,1.334016,4.052139,-4.750125,-1.125713,-3.856789,4.822320,-0.185656,0.428785,-0.071140,-71.303760,188.194175,1441.520594,-156.129690,0
0.035417,16.528892,-162.399663,163.444999,3.399317,-0.709881,4.937137,-3.603289,0.803851,-4.905205,3.800372,-0.211179,0.426098,-0.048839,-181.939316,188.194159,1440.752765,-156.612333,0
0.036458,69.966239,-187.569219,93.135427,2.093238,-2.860192,5.210683,-1.729745,2.820463,-5.095442,1.873809,-0.145548,0.414729,-0.052556,-262.357528,188.194011,1438.403190,-156.734099,0
0.037500,131.370033,-184.104441,22.874461,0.787160,-4.228905,4.687729,0.007542,4.253128,-4.710741,0.151636,-0.123671,0.408735,-0.059989,-318.863060,188.194029,1436.858056,-155.857130,0
0.038542,172.784260,-136.102585,-38.892486,-0.462623,-5.080223,3.340117,2.062763,5.029306,-3.387538,-1.922541,-0.098148,0.408460,-0.074856,-310.194150,188.344976,1434.713512,-155.726336,0
0.039583,197.146899,-63.694598,-91.740107,-1.475960,-5.311400,1.590232,3.747061,5.366617,-1.645813,-3.777188,-0.039809,0.396264,-0.052556,-254.713126,188.269559,1433.227195,-155.855763,0
0.040625,168.196490,-2.820211,-154.600704,-2.680705,-4.555488,-0.244129,4.765209,4.579558,0.108593,-4.704512,-0.006994,0.390339,-0.030256,-166.053820,188.269415,1431.395930,-155.279995,0
0.041668,122.013695,55.211884,-188.965632,-3.333744,-3.238147,-2.199172,5.109638,3.350005,2.116650,-5.207916,-0.010640,0.415901,-0.089723,-61.137492,188.194110,1429.261343,-155.084236,0
0.042708,47.987884,111.834578,-191.687606,-3.468856,-1.319013,-3.977215,4.897682,1.482100,3.887966,-4.920257,-0.025225,0.425133,-0.059989,71.125305,188.420330,1427.327764,-155.777536,0
0.043750,-16.749388,161.950536,-163.289149,-2.928410,0.633146,-4.886351,3.803835,-0.389432,4.915245,-3.917233,-0.039809,0.406117,-0.052556,181.344303,188.344986,1425.521140,-156.086743,0
0.044792,-69.938136,187.202308,-93.307672,-1.543516,2.827491,-5.147828,1.953000,-2.366147,5.046298,-2.020951,-0.094502,0.413145,-0.067423,262.021458,188.269541,1423.343525,-155.893480,0
0.045834,-131.466230,183.866725,-23.581380,-0.169881,4.207213,-4.640965,0.204359,-3.766169,4.703871,-0.283638,-0.123671,0.416865,-0.045123,313.325643,188.269581,1420.989803,-155.429126,0
0.046875,-173.038655,136.581314,38.379994,1.023605,5.018166,-3.289330,-1.824368,-4.538720,3.393350,1.718624,-0.145548,0.415005,-0.041406,310.150795,188.420419,1418.735408,-154.052192,0
0.047917,-197.017097,65.441788,92.345568,2.070720,5.201640,-1.535423,-3.546515,-4.850642,1.647399,3.558132,-0.192949,0.418037,-0.048839,256.471103,188.495769,1416.235470,-153.651020,0
0.048959,-168.315286,4.379480,155.084649,3.252946,4.522788,0.270779,-4.458685,-4.154258,-0.077416,4.458961,-0.214826,0.437329,-0.078573,167.417756,188.344930,1414.307485,-152.482713,0
0.050000,-123.511082,-54.286845,189.097178,3.872208,3.165083,2.189618,-4.844748,-2.913824,-2.064335,4.996430,-0.233057,0.426580,-0.071140,62.737853,188.420226,1411.904719,-152.352104,0
0.051042,-49.281873,-111.931354,191.442451,3.984801,1.275304,3.911343,-4.598727,-1.071308,-3.742647,4.678490,-0.207533,0.425891,-0.041406,-70.797135,188.420338,1409.065200,-152.407628,0
0.052083,16.291594,-162.164763,163.335634,3.455614,-0.647500,4.804388,-3.516235,0.738565,-4.753016,3.698177,-0.182010,0.422171,-0.052556,-181.669116,188.495658,1406.357765,-151.664264,0
0.053125,70.169638,-186.700089,94.046802,2.093238,-2.728091,5.057819,-1.722175,2.718907,-4.964390,1.900304,-0.152841,0.417899,-0.019106,-261.591962,188.420338,1404.398294,-150.469678,0
0.054167,131.211834,-184.245382,22.765096,0.764641,-4.107813,4.567047,-0.034092,4.137064,-4.621964,0.140281,-0.134610,0.407357,-0.063706,-319.144518,188.495776,1402.418608,-150.063817,0
0.055208,171.710767,-136.854266,-39.415008,-0.473882,-4.878402,3.291844,1.968140,4.815313,-3.315670,-1.812776,-0.083563,0.406599,-0.056273,-309.102092,188.495656,1399.105489,-148.650183,0
0.056250,196.864401,-63.847283,-92.043898,-1.520997,-5.142604,1.586210,3.584308,5.134489,-1.607766,-3.603079,-0.065333,0.402810,-0.071140,-254.803193,188.495714,1395.083050,-147.474716,0
0.057292,168.298189,-2.726251,-153.689329,-2.691964,-4.438065,-0.127470,4.492693,4.405462,0.002906,-4.413067,0.003945,0.409700,-0.108307,-165.716070,188.495714,1390.232208,-145.383580,0
0.058333,122.036295,55.188394,-188.953480,-3.378782,-3.153750,-2.022172,4.874972,3.252076,1.939095,-4.969462,0.007591,0.437466,-0.067423,-61.306367,188.571096,1386.048602,-143.817940,0
0.059375,48.146083,111.493973,-190.909899,-3.423819,-1.333691,-3.715738,4.719790,1.518370,3.553995,-4.719652,0.000299,0.409838,-0.048839,70.573647,188.571192,1381.038615,-141.114733,0
0.060417,-16.704188,162.338121,-163.033964,-2.838335,0.486367,-4.616828,3.712996,-0.276995,4.653141,-3.815038,-0.028871,0.437398,-0.071140,181.828411,188.495622,1377.329830,-139.127804,0
0.061458,-70.446633,184.406995,-95.057513,-1.554775,2.592645,-4.878305,1.869731,-2.137646,4.796876,-2.032306,-0.098148,0.404877,-0.059989,259.544626,188.646466,1372.847419,-136.830200,0
0.062500,-131.409730,184.360015,-23.350498,-0.181140,3.924664,-4.455919,0.317907,-3.610208,4.538999,-0.347983,-0.105440,0.413145,-0.056273,313.911076,188.721967,1369.996251,-135.518255,0
0.063542,-170.089375,138.213870,39.692375,1.001086,4.702592,-3.257148,-1.627551,-4.230425,3.304573,1.495310,-0.182010,0.410871,-0.026539,308.191847,188.571116,1364.962726,-132.693581,0
0.064583,-196.847598,66.005548,92.795180,2.070720,5.040183,-1.579673,-3.285354,-4.643903,1.685446,3.346172,-0.196595,0.416314,-0.086006,257.281703,188.495707,1361.468885,-130.440607,0
0.065625,-168.631684,4.849281,153.334808,3.219168,4.335644,0.085734,-4.136965,-3.929384,0.074774,4.125881,-0.203887,0.414454,-0.063706,167.631664,188.721853,1355.538851,-128.123438,0
0.066667,-123.341583,-53.993220,189.218695,3.951023,3.106371,1.964346,-4.576018,-2.823149,-1.852960,4.723910,-0.218472,0.420448,-0.045123,63.368320,188.797329,1350.867146,-126.084629,0
0.067708,-50.174567,-111.261889,189.959947,4.018579,1.293651,3.585503,-4.307287,-1.140221,-3.408675,4.436251,-0.218472,0.421964,-0.041406,-69.130903,188.571085,1345.303580,-123.337238,0
0.068750,15.805697,-162.998658,162.728050,3.489392,-0.486043,4.526820,-3.451891,0.582604,-4.503594,3.630047,-0.185656,0.418863,-0.026539,-182.220774,188.721958,1342.062682,-120.694066,0
0.069792,71.209231,-182.906450,96.379923,2.138276,-2.427194,4.736001,-1.733530,2.428747,-4.634646,1.870024,-0.149195,0.426856,-0.056273,-258.270757,188.721942,1335.965753,-118.129148,0
0.070834,131.324834,-184.679947,22.534214,0.719604,-3.828933,4.410161,-0.170350,3.846904,-4.452864,0.306821,-0.127317,0.405910,-0.037689,-322.443207,188.797289,1332.159414,-114.581981,0
0.071875,168.399889,-138.792193,-40.921816,-0.507660,-4.533471,3.207367,1.631280,4.496137,-3.248031,-1.540256,-0.094502,0.405497,-0.045123,-305.082870,188.646590,1327.069194,-111.028898,0
0.072917,196.514103,-65.010039,-92.505662,-1.453441,-4.896749,1.666664,3.334502,4.924123,-1.700771,-3.357054,-0.043455,0.425753,-0.056273,-256.165450,188.797306,1323.598024,-108.041651,0
0.073958,168.625887,-3.113836,-152.073157,-2.646927,-4.239914,0.057575,4.136909,4.245874,-0.136601,-4.095128,-0.065333,0.423342,-0.071140,-165.817395,188.797378,1318.551977,-105.591956,0
0.075000,122.397893,55.211884,-188.904873,-3.333744,-3.131733,-1.841150,4.689510,3.223060,1.706583,-4.757502,-0.017932,0.381589,-0.048839,-61.779217,188.797335,1315.067564,-102.961974,0
0.076042,49.140477,110.965447,-189.633974,-3.423819,-1.385064,-3.414034,4.466199,1.572775,3.317256,-4.481197,-0.032517,0.427889,-0.056273,68.941190,188.872615,1310.353919,-101.205920,0
0.077083,-16.082692,162.737452,-162.450684,-2.905891,0.379953,-4.351329,3.656222,-0.066629,4.327625,-3.720413,-0.058040,0.393991,-0.041406,182.042319,188.797389,1305.928155,-97.829064,0
0.078125,-71.508826,181.693898,-97.062539,-1.588553,2.284409,-4.604760,1.945430,-1.872875,4.513634,-2.024736,-0.076271,0.413489,-0.048839,257.259186,188.796829,1300.943870,-95.235823,0
0.079167,-131.330631,184.500955,-23.034555,-0.192400,3.642114,-4.315124,0.431455,-3.262016,4.323397,-0.506953,-0.112733,0.412800,-0.074856,314.586575,188.797741,1296.000963,-91.479901,0
0.080208,-167.806790,139.869917,40.992603,1.068642,4.387017,-3.096239,-1.347466,-3.903995,3.220023,1.249285,-0.167425,0.410113,-0.082290,306.717006,189.023932,1290.980618,-88.238791,0
0.081250,-195.898404,66.968639,93.524280,2.081979,4.753964,-1.660127,-3.009054,-4.397267,1.744631,3.062298,-0.171072,0.424169,-0.071140,258.126077,188.873143,1286.537678,-85.120689,0
0.082292,-168.981982,5.178141,152.216854,3.162872,4.130154,-0.151606,-3.784966,-3.766169,0.273465,3.789017,-0.189302,0.420310,-0.045123,168.014447,188.873313,1281.465442,-81.811198,0
0.083333,-124.030879,-54.310335,188.696173,3.872208,3.040321,1.735050,-4.356491,-2.808641,-1.599311,4.477886,-0.225764,0.422171,-0.037689,63.919977,188.873202,1277.581963,-78.756282,0
0.084375,-51.067261,-110.909539,189.145785,3.984801,1.359702,3.227480,-4.057481,-1.190999,-3.146571,4.220506,-0.200241,0.417761,-0.048839,-67.430896,189.023992,1273.100789,-76.743586,0
0.085417,14.845203,-163.374499,162.084012,3.410576,-0.284222,4.196957,-3.338343,0.430270,-4.140030,3.474862,-0.185656,0.416176,-0.071140,-182.277065,188.948556,1267.720002,-74.330355,0
0.086458,72.124525,-180.533958,98.615831,2.194572,-2.159322,4.418206,-1.733530,2.218381,-4.359860,1.896519,-0.134610,0.382209,-0.082290,-256.120417,188.873159,1263.452573,-72.062295,0
0.087500,131.144035,-184.527262,22.607124,0.742122,-3.520697,4.200979,-0.302823,3.524101,-4.220353,0.424156,-0.116379,0.403705,-0.067423,-323.884273,189.023885,1258.370412,-69.140870,0
0.088542,166.411102,-140.906294,-42.367864,-0.496401,-4.173863,3.106799,1.377689,4.180588,-3.180391,-1.267737,-0.112733,0.405704,-0.059989,-303.011339,189.023960,1253.745367,-65.525575,0
0.089583,194.853014,-66.102325,-93.587161,-1.498478,-4.654564,1.714937,3.035492,4.626709,-1.726136,-3.001264,-0.058040,0.405015,-0.059989,-256.570750,188.948505,1247.963234,-62.027720,0
0.090625,169.473382,-3.477931,-150.529894,-2.590631,-3.972042,0.234575,3.743276,4.097167,-0.309928,-3.659853,-0.032517,0.382967,-0.071140,-166.571703,188.873059,1242.091643,-58.424586,0
0.091667,122.883789,55.528999,-188.078560,-3.345004,-3.003301,-1.571627,4.348866,3.143266,1.448707,-4.416852,-0.028871,0.375456,-0.041406,-62.150742,189.023929,1236.488835,-55.640646,0
0.092708,50.100970,110.589607,-188.977783,-3.367522,-1.469462,-2.987626,4.186113,1.681585,2.881825,-4.201108,-0.061686,0.400192,-0.082290,67.196150,189.099443,1230.246801,-51.710304,0
0.093750,-15.122199,163.524367,-161.199062,-2.838335,0.137768,-3.981238,3.474545,0.096586,3.926014,-3.557659,-0.047102,0.411629,-0.071140,182.537686,189.024028,1224.383298,-48.871369,0
0.094792,-72.638819,179.074761,-99.930333,-1.656109,1.921131,-4.266851,1.979495,-1.571834,4.175435,-2.066371,-0.068979,0.410389,-0.059989,254.624738,189.023860,1219.105434,-45.564337,0
0.095833,-130.969033,184.078135,-23.338347,-0.158622,3.260489,-4.089852,0.613132,-2.902943,4.095113,-0.646998,-0.123671,0.404808,-0.059989,315.048166,189.023872,1213.717895,-42.155225,0
0.096875,-165.580704,142.629994,42.596624,1.057383,3.961358,-3.056012,-1.025746,-3.552176,3.139701,0.957840,-0.123671,0.407633,-0.071140,305.850115,189.099304,1208.636464,-38.370181,0
0.097917,-193.604519,68.565961,94.800206,2.048201,4.467745,-1.712423,-2.668409,-4.012805,1.791133,2.698938,-0.156487,0.411491,-0.063706,258.441310,189.099340,1201.847872,-34.711453,0
0.098958,-170.270173,5.659687,150.564227,3.151613,3.876960,-0.348720,-3.296709,-3.530414,0.501750,3.331032,-0.203887,0.414109,-0.052556,169.241604,189.099376,1195.001965,-30.851245,0
0.100000,-124.505476,-54.697920,187.699736,3.838430,2.970601,1.445414,-4.000707,-2.678069,-1.328752,4.091816,-0.200241,0.417003,-0.071140,64.066336,189.099251,1188.414162,-28.246199,0
0.101042,-51.869556,-110.592423,188.659718,3.883467,1.455108,2.825208,-3.815245,-1.270793,-2.766097,3.936631,-0.207533,0.416590,-0.089723,-65.877247,189.099389,1182.494652,-25.054322,0
0.102083,13.681311,-163.750339,160.528598,3.388058,-0.089740,3.826866,-3.213440,0.209023,-3.763784,3.353742,-0.211179,0.422446,-0.041406,-182.412165,189.174682,1177.103196,-21.451473,0
0.103125,73.017219,-178.549052,101.483625,2.239609,-1.777697,4.144661,-1.767594,1.819411,-4.063936,1.972219,-0.141902,0.406599,-0.037689,-254.015110,189.099452,1172.207298,-16.856036,0
0.104167,130.895436,-183.575916,23.117494,0.742122,-3.139072,4.003866,-0.473145,3.183163,-3.979386,0.564201,-0.116379,0.401845,-0.052556,-324.559772,189.099374,1166.750900,-13.615863,0
0.105208,164.942111,-143.431471,-43.607335,-0.541438,-3.814255,3.006231,1.010550,3.836023,-3.100069,-0.942227,-0.083563,0.404188,-0.063706,-301.221265,189.099362,1161.792011,-9.431982,0
0.106250,192.016733,-68.087232,-94.972451,-1.498478,-4.338989,1.722982,2.709988,4.332922,-1.781093,-2.660615,-0.054394,0.397642,-0.045123,-256.773399,189.325481,1156.174695,-5.915832,0
0.107292,170.885872,-3.889007,-149.484850,-2.545593,-3.828933,0.443757,3.330717,3.919444,-0.559349,-3.345699,-0.047102,0.361814,-0.097156,-167.720052,189.099353,1151.547759,-2.342161,0
0.108333,123.821683,56.550815,-186.450236,-3.232411,-2.948259,-1.318196,4.095275,3.110623,1.224650,-4.087558,-0.036163,0.333703,-0.059989,-61.869284,189.099305,1146.520522,0.523566,0
0.109375,50.711166,110.554372,-188.880570,-3.322485,-1.509826,-2.637649,3.940092,1.790395,2.607038,-4.019428,-0.014286,0.373321,-0.056273,66.284226,189.099276,1142.821665,3.460251,0
0.110417,-14.003506,163.183762,-159.777316,-2.782039,0.020344,-3.639307,3.387491,0.274309,3.579360,-3.459249,-0.065333,0.395437,-0.045123,181.986028,189.325475,1137.855643,6.472493,0
0.111458,-73.531513,178.146905,-101.911056,-1.656109,1.638582,-3.981238,2.013559,-1.321571,3.947151,-2.123146,-0.079917,0.406186,-0.089723,253.634006,189.174706,1134.513221,9.535389,0
0.112500,-130.618735,182.551284,-23.654290,-0.136103,2.970601,-3.932965,0.711540,-2.580140,3.917559,-0.752977,-0.101794,0.403705,-0.037689,314.271342,189.099422,1129.668496,12.554490,0
0.113542,-164.925309,144.532686,43.520151,1.091161,3.656792,-3.023830,-0.749446,-3.294659,3.131246,0.670181,-0.120025,0.409286,-0.048839,306.142832,189.174660,1126.407160,16.627083,0
0.114583,-190.395340,70.656572,96.112586,2.093238,4.221891,-1.760695,-2.350474,-3.766169,1.867228,2.407493,-0.141902,0.403430,-0.045123,258.351244,189.250111,1121.686597,19.870671,0
0.115625,-171.490565,5.941567,149.920188,3.084057,3.741190,-0.537788,-3.016623,-3.410723,0.683532,3.043373,-0.160133,0.418726,-0.041406,170.570087,189.174773,1117.920175,22.911841,0
0.116667,-125.816267,-55.754971,185.524587,3.838430,2.944914,1.212097,-3.811460,-2.572886,-1.096240,3.826866,-0.225764,0.413627,-0.052556,64.280244,189.099349,1112.990230,25.032746,0
0.117708,-52.671850,-110.886049,188.696173,3.883467,1.583540,2.571777,-3.678988,-1.372349,-2.482856,3.807941,-0.218472,0.414385,-0.052556,-65.156714,189.250050,1109.919748,28.111110,0
0.118750,12.427019,-163.268794,159.386341,3.365539,0.086395,3.557344,-3.137741,0.074824,-3.459405,3.232622,-0.185656,0.408184,-0.026539,-181.488983,189.250026,1105.235328,30.170655,0
0.119792,73.977713,-177.691666,102.990432,2.205831,-1.502487,3.867093,-1.813013,1.612672,-3.835651,1.994929,-0.152841,0.390477,-0.059989,-253.587294,189.174726,1101.857170,32.580129,0
0.120833,130.341740,-181.908125,23.700775,0.764641,-2.834505,3.855025,-0.579123,2.853106,-3.768012,0.692891,-0.116379,0.403843,-0.071140,-322.116716,189.099262,1096.596872,35.695173,0
0.121875,164.580514,-145.052283,-44.530862,-0.530179,-3.517027,3.014276,0.840228,3.560371,-3.074704,-0.684847,-0.105440,0.404119,-0.048839,-301.615306,189.325528,1093.081677,39.450017,0
0.122917,188.683255,-70.354019,-96.527865,-1.532256,-4.074787,1.803437,2.441257,4.104421,-1.844505,-2.350245,-0.076271,0.393646,-0.078573,-256.334325,189.250162,1088.425294,42.769423,0
0.123958,172.219263,-4.135652,-148.816508,-2.511815,-3.689493,0.616734,3.050632,3.792499,-0.698856,-3.050469,-0.039809,0.402465,-0.078573,-168.992242,189.174815,1084.503568,45.350364,0
0.125000,125.358473,57.713571,-184.044205,-3.232411,-2.852853,-1.052696,3.792480,2.994559,0.971001,-3.807468,-0.010640,0.379384,-0.041406,-61.824250,189.099318,1079.243652,47.614753,0
0.126042,51.389162,110.812762,-188.929177,-3.333744,-1.601563,-2.416399,3.754630,1.830292,2.361844,-3.849103,-0.032517,0.407977,-0.063706,65.710051,189.325539,1075.734473,49.632568,0
0.127083,-12.975213,162.338121,-158.537846,-2.804557,-0.207163,-3.401966,3.300438,0.433897,3.241161,-3.307849,-0.043455,0.421895,-0.067423,181.051587,189.250173,1070.322797,51.977371,0
0.128125,-74.446807,177.512674,-103.320650,-1.723664,1.348694,-3.751943,2.081688,-1.053173,3.782279,-2.183705,-0.087210,0.410389,-0.059989,253.397581,189.174809,1067.649256,55.370655,0
0.129167,-129.929440,180.695572,-24.152509,-0.203659,2.669704,-3.772057,0.900787,-2.289980,3.740004,-0.908162,-0.105440,0.407426,-0.067423,312.897826,189.174664,1063.098186,58.611827,0
0.130208,-164.767110,146.200477,44.164190,1.079901,3.363234,-3.007739,-0.537489,-3.040769,3.050924,0.431726,-0.116379,0.410595,-0.056273,307.054756,189.325535,1059.430286,61.611693,0
0.131250,-186.598565,72.735439,97.692304,2.115757,3.972367,-1.788854,-2.089314,-3.508652,1.901048,2.104694,-0.152841,0.407908,-0.056273,257.495611,189.250177,1054.233905,64.580584,0
0.132292,-172.846556,6.023782,149.288302,3.117835,3.638445,-0.706742,-2.687334,-3.298286,0.848404,2.755713,-0.171072,0.416039,-0.052556,171.999894,189.174773,1050.568877,67.524781,0
0.133333,-127.330457,-57.035177,182.802612,3.793393,2.875194,0.974756,-3.531375,-2.554751,-0.842591,3.512712,-0.149195,0.414798,-0.074856,64.246469,189.250108,1045.617356,70.699729,1
0.134375,-53.395046,-110.897794,189.133633,3.894726,1.700963,2.346504,-3.470816,-1.463024,-2.233434,3.641402,-0.200241,0.418657,-0.056273,-64.188498,189.325526,1042.382116,73.240431,1
0.135417,11.308327,-162.082548,158.377752,3.343021,0.244182,3.263685,-3.077182,-0.110153,-3.193073,3.100147,-0.185656,0.394542,-0.082290,-180.115467,189.174724,1037.874349,75.538976,1
0.136458,74.384510,-177.891331,104.254206,2.273387,-1.282318,3.682048,-1.918991,1.424068,-3.653869,2.066844,-0.156487,0.407219,-0.059989,-253.733652,189.099316,1035.609889,78.186744,1
0.137500,129.821944,-180.158118,24.514937,0.753382,-2.584981,3.690094,-0.722951,2.617351,-3.658097,0.832935,-0.130964,0.405015,-0.045123,-319.155776,189.250162,1032.302735,81.026980,1
0.138542,165.009911,-146.508664,-44.798199,-0.552697,-3.282181,3.038412,0.586637,3.400783,-3.074704,-0.491813,-0.083563,0.406117,-0.037689,-303.270280,189.250080,1030.510107,83.755111,1
0.139583,185.214178,-72.362415,-98.046824,-1.543516,-3.880305,1.863778,2.183881,3.872293,-1.920600,-2.130716,-0.076271,0.406944,-0.030256,-255.433659,189.174707,1026.443492,86.369242,1
0.140625,173.247557,-4.159142,-148.537020,-2.500556,-3.616103,0.801779,2.850030,3.661927,-0.867956,-2.857435,-0.036163,0.426374,-0.045123,-170.118075,189.099356,1023.518924,88.768478,1
0.141667,126.624065,58.935052,-181.698932,-3.176114,-2.874870,-0.895810,3.652437,2.936527,0.780764,-3.652283,-0.065333,0.423273,-0.041406,-61.610342,189.250095,1020.363094,90.627129,1
0.142708,51.931558,111.035917,-189.354485,-3.412560,-1.707977,-2.251467,3.641082,1.877443,2.196972,-3.784758,-0.039809,0.422584,-0.071140,65.270976,189.174747,1018.765905,92.308917,1
0.143750,-12.387617,161.750871,-157.930262,-2.770779,-0.361281,-3.208875,3.270158,0.564469,3.093199,-3.307849,-0.047102,0.420448,-0.052556,180.240987,189.174702,1016.969386,94.408605,1
0.144792,-74.853604,177.829789,-104.110508,-1.678627,1.231270,-3.667466,2.146032,-0.973379,3.617407,-2.213985,-0.098148,0.406530,-0.067423,254.039305,189.099380,1015.119363,95.613586,1
0.145833,-129.748641,179.497581,-24.711485,-0.169881,2.504578,-3.679534,0.972701,-2.141273,3.655455,-1.014142,-0.094502,0.411147,-0.078573,311.760736,189.250040,1012.918734,97.569468,1
0.146875,-164.981808,146.916923,44.528740,1.124939,3.216455,-3.015785,-0.344457,-2.942840,3.101654,0.306821,-0.116379,0.413214,-0.059989,307.899130,189.099329,1012.200586,99.764908,1
0.147917,-184.677578,73.945175,98.871016,2.172053,3.891638,-1.905513,-1.953056,-3.414350,1.972915,1.915444,-0.134610,0.409906,-0.045123,256.910178,189.174713,1010.103522,102.232424,1
0.148958,-173.332453,5.953312,149.191088,3.106575,3.583403,-0.839492,-2.622990,-3.265643,0.916043,2.687583,-0.171072,0.421757,-0.056273,172.506518,189.099396,1009.239977,103.245299,1
0.150000,-127.997153,-57.763368,181.380866,3.725837,2.831161,0.866142,-3.448106,-2.536616,-0.719994,3.459722,-0.192949,0.412938,-0.067423,64.212694,189.174793,1007.885614,104.514907,1
0.151042,-53.632344,-111.332359,188.963510,3.973542,1.733988,2.241913,-3.451891,-1.502921,-2.161567,3.645187,-0.185656,0.415281,-0.037689,-64.289823,189.099305,1007.591201,105.608896,1
0.152083,10.867630,-162.012077,157.915988,3.309243,0.390961,3.167140,-3.043118,-0.218963,-3.040884,3.156922,-0.203887,0.409562,-0.030256,-179.597584,189.099383,1006.438065,107.936850,1
0.153125,74.836507,-177.679921,104.922548,2.250869,-1.241954,3.657912,-1.915207,1.347901,-3.560865,2.134974,-0.196595,0.407426,-0.033973,-253.902527,189.099373,1005.527098,109.427378,1
0.154167,129.731544,-179.429927,24.867335,0.787160,-2.478567,3.706184,-0.757016,2.497660,-3.611595,0.897280,-0.141902,0.406324,-0.052556,-317.737227,189.099289,1004.002952,110.857185,1
0.155208,165.032511,-146.755309,-45.089839,-0.541438,-3.190444,3.022322,0.503369,3.328243,-3.057794,-0.450178,-0.120025,0.405566,-0.067423,-303.844455,189.099371,1003.043212,111.526351,1
0.156250,184.231084,-73.114096,-98.812379,-1.622331,-3.803246,1.899982,2.127107,3.843277,-1.954420,-2.005811,-0.094502,0.397436,-0.067423,-255.039617,189.099322,1002.026435,113.044839,1
0.157292,173.597854,-4.311827,-148.512717,-2.523075,-3.550053,0.833961,2.762977,3.690943,-0.884866,-2.759025,-0.072625,0.391648,-0.089723,-170.478341,189.099271,1001.457476,113.939926,1
0.158333,127.448959,59.440088,-180.666040,-3.153596,-2.856522,-0.803287,3.584308,2.969170,0.679304,-3.508454,-0.043455,0.390132,-0.048839,-61.700409,188.948523,999.635785,115.548444,1
0.159375,51.829859,111.634913,-189.208665,-3.299967,-1.707977,-2.130786,3.607018,1.902832,2.112422,-3.720413,-0.047102,0.395437,-0.078573,66.070317,189.099304,998.404400,116.531310,1
0.160417,-12.376317,161.504225,-157.638622,-2.759520,-0.375959,-3.128421,3.247449,0.640636,3.012877,-3.235934,-0.054394,0.410871,-0.056273,180.274762,189.099347,996.755560,117.331065,1
0.161458,-75.542899,177.794554,-104.207722,-1.678627,1.124856,-3.566898,2.199021,-0.850061,3.596270,-2.221555,-0.083563,0.407219,-0.078573,254.422088,189.099340,996.023917,118.825379,1
0.162500,-129.805141,178.957310,-24.760092,-0.214918,2.427519,-3.671488,1.018120,-2.039717,3.634317,-1.070917,-0.090856,0.407771,-0.089723,311.344178,188.873088,994.955075,120.203781,1
0.163542,-165.264306,146.940413,44.929745,1.147457,3.187099,-3.019807,-0.299038,-2.884808,3.127019,0.272756,-0.134610,0.410389,-0.063706,308.225622,189.023940,994.541923,121.125693,1
0.164583,-183.491086,74.215310,96.537895,2.194572,4.541135,-2.541103,-2.089314,-3.650105,2.311114,2.055489,-0.156487,0.418726,-0.558027,224.024612,189.099440,999.364943,122.795259,1
0.165625,-81.644859,-65.749975,135.496154,2.881389,13.714817,-10.703207,-3.561654,-12.898955,10.394068,3.630047,-0.207533,0.722299,-16.985841,12.773409,188.948465,1077.264495,290.809534,1
0.166667,-90.786499,-88.981605,146.821512,3.084057,16.191711,-10.703207,-5.866682,-15.793301,10.876001,5.821559,-0.265872,0.891931,-11.462825,0.783293,188.873148,1124.363954,528.064220,1
0.167708,-72.039922,-71.246639,162.375652,3.421836,11.758988,-3.462307,-7.918118,-11.974070,4.090886,8.103911,-0.262226,0.787272,10.874542,1.087268,189.023880,1156.997859,678.340212,1
0.168750,-48.400479,-49.635821,145.375463,3.016501,2.710068,7.061135,-8.644826,-3.272897,-6.169224,8.770070,-0.229410,0.619707,41.239980,0.636935,189.023818,1239.073916,677.546522,1
0.169792,-43.259013,-47.063664,84.981655,1.856793,-7.949751,18.883916,-9.030890,7.314316,-18.213332,9.182634,-0.152841,0.583534,70.129889,0.209118,188.873164,1417.183883,597.515895,1
0.170833,-26.908021,-34.978048,11.306069,0.483158,-17.875675,30.638311,-10.109597,16.189585,-29.416171,10.102388,-0.120025,0.889106,93.664033,-1.074331,188.797722,1630.829161,595.432531,1
0.171875,6.596258,-7.647410,-36.450000,-0.440104,-28.047453,42.879455,-11.392691,25.953468,-42.115540,11.355221,-0.178364,1.471724,98.187257,-6.658460,188.948586,1807.019670,806.259871,1
0.172917,33.942077,24.851033,-84.679985,-1.329589,-36.483571,51.415672,-10.688693,33.167571,-50.591651,11.014572,-0.171072,2.055170,98.209557,-1.299497,188.873123,1835.914823,1252.050330,1
0.173958,103.753016,93.641557,-89.978114,-1.498478,-42.479490,54.179282,-7.687237,39.322590,-54.083554,7.918446,-0.101794,2.105949,96.440408,-1.276980,188.873052,1720.929162,1815.492075,1
0.175000,125.188974,116.062781,-109.457244,-1.881295,-41.723579,48.402653,-3.205870,38.883723,-48.562457,3.425657,-0.039809,2.107396,73.010332,-1.108106,188.797677,1543.463711,2290.163919,1
0.176042,66.259864,59.381363,-168.040453,-2.928410,-35.577212,35.803486,2.047623,33.519390,-36.569078,-1.827916,-0.043455,1.904141,35.969700,-0.736581,188.873003,1439.829713,2482.510656,1
0.177083,31.953290,28.515476,-171.248494,-2.939669,-23.097334,18.196030,5.764432,22.529580,-19.147607,-5.722676,-0.017932,1.255516,-6.553064,-0.263731,188.797679,1428.541841,2340.531233,1
0.178125,14.178508,14.327504,-110.587349,-1.734924,-8.430452,1.550005,6.566839,8.899315,-2.444808,-6.691634,-0.058040,0.739042,-44.682689,0.242893,188.797688,1387.550693,1973.069891,1
0.179167,25.105536,29.443332,-7.650538,0.179157,4.064103,-12.243910,7.002107,-3.356318,11.488987,-7.024714,-0.105440,0.593112,-72.970493,0.884618,188.797753,1201.539250,1558.100529,1
0.180208,3.579178,10.627826,52.366568,1.305087,14.041400,-24.030486,8.012686,-13.196369,23.097664,-7.989888,-0.123671,0.856103,-89.888911,1.425017,188.646969,819.629187,1297.910157,1
0.181250,-11.630522,-2.867191,110.244980,2.408499,20.987712,-32.610953,9.144382,-20.947268,32.148713,-9.151881,-0.076271,1.281698,-91.832745,1.650184,188.797586,321.041529,1283.003088,1
0.182292,-69.350540,-63.201308,109.102723,2.352202,25.706654,-37.060084,8.519867,-25.745789,36.553754,-8.640907,-0.087210,1.593884,-81.507752,1.616409,188.722826,171.648982,1372.915660,1
0.183334,-134.980507,-128.797189,81.032362,1.901830,26.249736,-34.895860,6.116432,-26.841143,35.095271,-6.358555,-0.058040,1.673808,-58.560847,1.548859,188.797260,5.834245,1403.965344,1
0.184375,-90.289302,-85.058771,133.126578,2.881389,21.886733,-26.013689,2.528311,-22.499624,26.479653,-2.565990,-0.101794,1.351976,-25.389300,1.177334,188.571169,-141.012902,1372.013963,1
0.185416,-30.557897,-28.976348,150.309042,3.185390,12.613975,-12.851341,-0.310393,-13.268909,13.797194,0.185701,-0.072625,0.834055,12.933594,0.850843,188.646460,-246.690278,1291.456983,1
0.186458,-12.218118,-13.484680,101.823872,2.194572,1.275304,0.552370,-1.445874,-1.782200,0.248101,1.483955,-0.039809,0.413558,47.521203,0.209118,188.721732,-320.434282,1180.793200,1
0.187500,-15.031799,-19.768260,11.573406,0.494418,-8.158911,11.900470,-2.630560,7.735048,-11.343667,2.615668,-0.025225,0.356302,72.917414,-0.353798,188.721761,-357.817612,1059.322345,1
0.188542,6.641458,0.069062,-42.768870,-0.575216,-15.193290,21.921071,-4.848533,14.006131,-20.965426,4.761760,-0.058040,0.664768,87.843681,-0.770356,188.570975,-361.376011,946.152147,1
0.189583,21.964156,12.777163,-100.392097,-1.723664,-20.884642,30.827379,-7.494205,19.519170,-30.333536,7.452892,-0.098148,1.138042,89.850699,-1.040556,188.495673,-332.476135,897.567664,1
0.190625,53.377949,46.919907,-122.848386,-2.016406,-24.418345,35.332828,-8.099795,22.580358,-34.818899,8.164471,-0.141902,1.425010,79.135453,-1.209431,188.721893,-324.274016,887.400749,1
0.191666,132.974623,127.326246,-76.392545,-1.183218,-25.192603,34.154170,-6.358724,23.530632,-34.290463,6.612623,-0.152841,1.535388,57.125156,-0.950489,188.495709,-366.723569,883.071718,1
0.192708,100.046640,94.710353,-121.365882,-2.106481,-20.936015,25.959885,-3.122602,20.026950,-26.342789,3.262902,-0.167425,1.251038,24.604031,-0.556448,188.571047,-436.002164,866.802408,1
0.193750,27.410720,25.837614,-147.516280,-2.556853,-12.422838,14.052626,-0.651037,12.598855,-14.784841,0.768591,-0.145548,0.765775,-12.585268,-0.151148,188.495653,-507.511719,805.155674,1
0.194792,10.630331,11.708367,-100.404248,-1.611071,-1.737333,1.067279,0.677476,2.660875,-1.806458,-0.582653,-0.196595,0.375525,-46.541039,0.299185,188.646504,-552.721863,731.620092,1
0.195833,11.556925,15.924825,-12.863606,0.055305,7.113435,-9.858435,2.047623,-6.167243,9.294921,-1.930111,-0.222118,0.296290,-71.465229,0.772035,188.495734,-567.953108,659.214478,1
0.196875,-7.257451,-1.187654,41.272092,1.124939,12.966245,-18.921629,4.477554,-12.140912,18.176870,-4.363863,-0.185656,0.558041,-85.328520,1.188593,188.495736,-561.211288,608.523076,1
0.197917,-24.896634,-16.738048,95.662974,2.239609,18.286980,-27.864141,7.562278,-17.962247,27.291331,-7.403213,-0.105440,0.998864,-87.250054,1.425017,188.495662,-552.230395,587.798911,1
0.198958,-44.807102,-38.489806,129.736262,2.825093,21.013399,-32.365567,8.871866,-21.164888,31.911973,-8.860436,-0.043455,1.306778,-76.244905,1.548859,188.344901,-549.069544,588.103002,1
0.200000,-124.381177,-119.917961,76.366120,1.800497,21.949114,-32.184545,7.861288,-22.361798,32.262855,-8.076943,-0.039809,1.419498,-55.082016,1.458792,188.495703,-568.466777,587.988635,1
0.201041,-107.363489,-102.688031,109.661700,2.419758,18.198913,-24.794804,4.916606,-18.734798,25.232545,-5.045162,-0.032517,1.175385,-23.200163,1.132301,188.420336,-602.679541,580.670568,1
0.202083,-30.083300,-28.459568,140.794283,2.982723,10.526045,-14.082294,2.732697,-10.998407,14.718786,-2.777950,-0.028871,0.708450,12.766342,0.738260,188.495712,-634.121822,552.842941,1
0.203125,-9.438336,-10.689367,98.008247,2.138276,0.772586,-1.913559,1.211152,-1.158356,2.653540,-1.226102,-0.014286,0.302354,45.926739,0.209118,188.269541,-654.153955,518.332378,1
0.204166,-5.856260,-10.207822,15.449789,0.561974,-7.311262,8.428860,-0.401231,7.031410,-7.826398,0.284111,0.040407,0.214162,70.193073,-0.308765,188.344889,-661.967436,482.146979,1
0.205208,11.093628,5.001966,-37.653016,-0.473882,-11.905442,16.627169,-3.319418,11.525263,-15.981220,3.160707,-0.032517,0.448835,82.844720,-0.725323,188.420283,-658.642468,457.347819,1
0.206250,26.608426,19.589269,-90.840883,-1.532256,-16.286793,25.271999,-6.835626,15.181279,-24.491150,6.722388,-0.087210,0.866369,84.539535,-0.927972,188.420329,-655.719719,445.428402,1
0.207291,43.196716,35.961813,-132.557572,-2.230333,-18.708645,30.119380,-8.951406,17.571471,-29.741688,8.985815,-0.130964,1.196193,73.571553,-1.018039,188.269509,-659.889386,448.986709,1
0.208333,108.058287,104.082871,-87.851572,-1.385885,-19.581979,30.807265,-8.716740,18.383919,-30.714010,8.872265,-0.203887,1.269158,53.137137,-0.882939,188.194087,-680.675465,450.010350,1
0.209375,113.007655,109.039265,-93.307672,-1.599812,-16.404216,24.475500,-6.078638,15.866782,-24.973083,6.427158,-0.233057,1.049712,22.217910,-0.567706,188.420254,-717.772650,438.667898,1
0.210416,36.315061,34.341001,-135.473973,-2.331667,-9.531293,14.406626,-3.796321,9.762541,-14.839798,3.894996,-0.222118,0.610337,-12.867738,-0.151148,188.194239,-749.285791,414.755891,1
0.211458,5.251567,6.728483,-97.232662,-1.577294,-0.742906,3.114844,-2.036325,1.783141,-3.734192,2.203104,-0.269518,0.248129,-45.210461,0.310443,188.269492,-767.697429,380.291996,1
0.212500,1.466092,5.283846,-18.271099,-0.023510,6.717132,-6.958053,-0.215769,-5.532518,6.361046,0.359811,-0.247641,0.165311,-69.164592,0.760776,188.194244,-774.138461,347.088191,1
0.213541,-15.257798,-9.632317,33.798814,1.012346,10.981060,-14.914998,3.031707,-10.294769,14.503185,-2.743885,-0.214826,0.364915,-81.429702,1.143559,188.345024,-771.618712,324.737588,1
0.214583,-18.907674,-12.932664,92.758725,2.138276,13.968011,-22.787465,7.055096,-13.493783,22.057703,-6.873314,-0.123671,0.760952,-82.373743,1.436276,188.194107,-768.155403,319.571056,1
0.215625,-46.841089,-39.546857,127.548961,2.757537,16.632048,-28.568117,9.731047,-16.797980,28.204468,-9.651500,-0.032517,1.119852,-71.989284,1.526342,188.194025,-776.308110,324.564908,1
0.216666,-89.554807,-85.399377,107.158456,2.374721,17.380620,-29.658275,9.984638,-17.741000,29.527671,-10.071635,0.036760,1.248902,-51.937687,1.447534,188.194206,-795.501903,325.967723,1
0.217708,-109.894672,-107.139390,81.591339,1.879312,14.944090,-24.939622,8.050535,-15.488633,25.372052,-8.353247,0.033114,1.073827,-22.178071,1.166076,188.118721,-828.557995,311.367024,1
0.218750,-47.044488,-45.113992,127.743388,2.768796,8.716995,-14.798339,5.064219,-9.057962,15.272587,-5.120861,0.051345,0.653468,12.547057,0.670710,188.194098,-855.292932,297.064590,1
0.219791,-3.539775,-4.722902,98.810257,2.149535,0.912026,-4.327192,3.213384,-1.154729,4.995568,-3.288924,0.065930,0.266732,43.960605,0.209118,188.118743,-868.739876,270.722412,1
0.220833,2.437885,-1.258124,22.546366,0.663307,-5.964566,5.496296,0.991626,5.856262,-4.862930,-1.093627,0.036760,0.131826,67.632267,-0.263731,188.194078,-872.880808,249.442500,1
0.221875,20.212668,14.679854,-31.601483,-0.383808,-10.261518,13.553809,-2.308840,10.005550,-12.979704,2.066844,-0.003348,0.296359,79.971711,-0.702806,188.043364,-872.148632,231.407267,1
0.222916,14.280207,7.879493,-96.600775,-1.577294,-12.184322,20.754482,-6.801561,11.822677,-20.174886,6.676968,-0.123671,0.671658,80.001444,-0.916714,188.118862,-867.525385,230.783412,1
0.223958,39.682439,33.718516,-127.757661,-2.174036,-14.635530,27.062111,-10.049038,13.650685,-26.596438,10.091033,-0.192949,1.021601,70.181923,-0.961747,188.118705,-876.779320,238.199157,1
0.225000,85.673135,80.346206,-111.316450,-1.892554,-15.483178,28.687290,-10.688693,14.655364,-28.596039,10.840462,-0.247641,1.132254,50.423946,-0.894197,188.194168,-895.510531,240.211110,1
0.226041,102.532624,99.866413,-84.825805,-1.385885,-13.644772,25.074886,-9.314760,13.277104,-25.298600,9.451369,-0.284103,0.953183,21.742172,-0.578964,187.968045,-922.516817,227.181334,1
0.227083,51.694260,50.149785,-117.015584,-2.005147,-8.004793,15.323807,-5.949950,8.300860,-15.896670,6.245478,-0.280457,0.601448,-12.641019,-0.094856,187.967924,-946.910648,210.894281,1
0.228125,8.935342,9.629500,-96.078253,-1.532256,-0.963074,5.178501,-3.694127,1.859308,-5.695745,3.853361,-0.287749,0.255502,-43.445028,0.310443,188.118726,-958.579183,193.721412,1
0.229166,-5.336463,-1.763160,-24.529210,-0.136103,5.572257,-4.435806,-1.249057,-4.455299,3.997881,1.438535,-0.262226,0.105368,-66.860238,0.738260,188.118716,-961.480939,178.563656,1
0.230208,-22.388051,-17.431003,30.663682,0.922271,9.421534,-12.239887,2.047623,-8.394221,11.624266,-1.763571,-0.225764,0.247165,-79.099331,1.109784,187.967959,-961.483679,163.199544,1
0.231250,-19.529169,-12.885684,93.840224,2.160794,11.399380,-19.512969,6.771226,-11.237789,19.081552,-6.483460,-0.149195,0.591251,-78.928363,1.391242,187.892512,-958.648748,158.265163,1
0.232291,-22.964347,-17.712883,139.384689,2.948945,12.988261,-25.671757,10.605368,-12.960614,25.160678,-10.609104,-0.014286,0.947395,-68.870973,1.458792,188.043272,-962.843022,166.673142,1
0.233333,-83.091249,-78.140960,107.498703,2.374721,14.034061,-27.880232,11.521323,-14.284469,27.811312,-11.759743,0.084161,1.094841,-49.555283,1.368726,188.043283,-978.254540,169.269017,1
0.234375,-101.928225,-99.211509,90.048902,2.059460,12.540586,-24.625849,10.113326,-13.033154,24.725247,-10.211680,0.106038,1.010232,-21.334380,1.121043,187.967941,-999.885929,163.135547,1
0.235416,-54.513738,-53.229794,107.158456,2.374721,7.326265,-15.739656,7.142150,-7.795766,16.405553,-7.482698,0.080514,0.634038,12.424406,0.715743,187.892514,-1018.248849,142.288008,1
0.236458,-15.754994,-16.362207,91.349131,2.014423,0.702866,-5.513895,4.416995,-0.846434,6.086259,-4.609887,0.080514,0.253917,43.005413,0.220377,187.967863,-1028.339599,132.008275,1
0.237500,8.234747,4.485186,27.018181,0.787160,-5.553585,3.923411,1.945430,5.609626,-3.438268,-2.108006,0.069576,0.083803,66.182754,-0.263731,187.967933,-1030.640925,117.854090,1
0.238541,23.760844,18.802353,-29.462789,-0.338771,-8.936839,11.240743,-1.381530,8.757862,-10.586947,1.207650,-0.003348,0.211268,77.942393,-0.646514,187.967852,-1029.520877,104.775370,1
0.239583,26.224228,19.507053,-89.443441,-1.442182,-10.991744,18.698871,-6.233821,10.770847,-18.166830,5.919969,-0.116379,0.547500,77.879209,-0.882939,187.892596,-1027.070379,93.699376,1
0.240625,14.664405,9.206680,-147.176033,-2.523075,-11.802697,24.471477,-10.457811,11.180698,-23.992306,10.454393,-0.229410,0.899028,67.368381,-0.939231,187.892434,-1024.333790,97.076996,1
0.241666,78.791481,74.015645,-107.184881,-1.779961,-12.808133,27.025906,-11.797679,12.054805,-26.858542,12.002455,-0.265872,1.027664,48.312860,-0.837906,187.967872,-1030.509460,99.340994,1
0.242708,104.849109,101.757359,-88.957374,-1.442182,-11.527487,23.988751,-10.348048,11.206087,-24.072629,10.469533,-0.313272,0.951392,20.411594,-0.556448,187.892602,-1045.907189,97.148182,1
0.243750,55.717033,54.530674,-102.226999,-1.723664,-6.650757,15.850783,-7.679667,7.049545,-16.370148,8.024426,-0.313272,0.606685,-12.763670,-0.128631,187.892468,-1058.102334,80.865684,1
0.244791,17.489386,18.285572,-87.061713,-1.408404,-0.258536,5.705477,-4.731200,1.224583,-6.232636,5.011570,-0.313272,0.236141,-43.177426,0.332960,187.892477,-1065.534174,69.868744,1
0.245833,-9.686935,-6.050088,-26.680056,-0.169881,5.755730,-3.566898,-2.202862,-4.582244,3.118564,2.433988,-0.269518,0.062375,-66.187515,0.738260,187.892559,-1067.322481,56.149451,1
0.246875,-24.083039,-19.427655,29.314847,0.922271,8.665622,-10.494026,1.177088,-7.719599,9.975547,-0.923302,-0.240349,0.182330,-77.568050,1.098526,187.892432,-1065.568756,45.178392,1
0.247916,-30.761295,-24.431029,85.467722,1.980645,10.603104,-17.871698,6.044518,-10.156943,17.352510,-5.734031,-0.138256,0.501406,-77.449116,1.357468,187.892488,-1063.690024,35.555897,1
0.248958,-12.240718,-6.449419,149.980947,3.151613,11.039771,-23.555805,10.669712,-11.154368,23.101892,-10.540974,0.000299,0.868918,-66.596352,1.470051,187.892523,-1060.803717,35.235051,1
0.250000,-71.746124,-67.464746,110.876867,2.419758,11.876411,-26.259075,12.229106,-12.071999,26.094952,-12.376697,0.069576,1.006649,-47.641182,1.391242,187.741827,-1062.504987,36.592265,1
0.251041,-106.730693,-103.651122,86.974529,2.003164,10.727866,-23.459260,10.843819,-11.150741,23.545778,-10.908119,0.106038,0.937060,-19.936901,1.098526,187.892483,-1072.124928,34.447811,1
0.252083,-58.061915,-57.082157,98.652286,2.228350,6.063966,-15.743678,8.432814,-6.471911,16.240681,-8.663617,0.113330,0.602620,12.844393,0.704485,187.817094,-1081.279707,24.574440,1
0.253125,-19.913367,-20.872291,83.304724,1.845534,-0.108087,-5.791463,5.389724,-0.106526,6.416003,-5.624266,0.095099,0.223463,43.064880,0.209118,187.892503,-1086.478187,12.672298,1
0.254166,10.438232,6.751973,27.504248,0.775900,-5.876498,3.291844,2.804611,5.907040,-2.825282,-2.970984,0.029468,0.045632,65.811084,-0.241215,187.741668,-1087.890925,0.763403,1
0.255208,24.868237,19.965109,-28.733689,-0.350030,-8.496502,9.981631,-0.700241,8.612782,-9.479346,0.477146,-0.014286,0.158973,76.782782,-0.657773,187.817122,-1085.934036,-8.952835,1
0.256250,35.682266,29.314137,-81.739281,-1.318330,-10.254180,17.162191,-5.510898,9.969280,-16.547703,5.272735,-0.079917,0.466749,76.619247,-0.882939,187.817151,-1083.409931,-17.770650,1
0.257291,13.003316,6.810698,-150.250406,-2.635668,-10.364264,22.777911,-10.363188,10.049074,-22.377407,10.306778,-0.200241,0.825305,65.562065,-0.916714,187.892458,-1080.774594,-19.640575,1
0.258333,65.446269,61.436740,-115.520928,-1.937591,-10.951379,25.593817,-12.251872,10.404520,-25.345102,12.411235,-0.262226,0.963380,46.640345,-0.837906,187.741793,-1081.135746,-18.871698,1
0.259375,109.911475,106.596303,-82.541291,-1.374626,-9.993647,23.003184,-10.949853,9.697255,-23.121444,11.143262,-0.316919,0.889382,19.069865,-0.578964,187.741701,-1088.011206,-21.148687,1
0.260416,59.762407,58.688407,-96.612927,-1.588553,-5.564593,15.758261,-8.671321,5.994088,-16.179911,8.974460,-0.382550,0.586773,-13.257991,-0.128631,187.817160,-1096.331338,-28.036621,1
0.261458,19.964070,20.986925,-79.977288,-1.228255,0.361605,5.991091,-5.605521,0.658771,-6.575062,5.919969,-0.357026,0.212508,-43.281493,0.287927,187.892474,-1100.155247,-39.460468,1
0.262500,-11.076825,-7.588685,-26.850180,-0.158622,6.008924,-3.060035,-2.876581,-4.792610,2.649313,3.149352,-0.305980,0.031025,-65.934780,0.760776,187.817121,-1101.204038,-48.951033,1
0.263541,-24.772335,-20.214571,29.132572,0.911012,8.401420,-9.552709,0.639627,-7.592654,9.180779,-0.340413,-0.243995,0.139818,-76.672326,1.121043,187.666351,-1099.719485,-56.474935,1
0.264583,-38.953741,-32.993142,78.577724,1.856793,9.872879,-16.540177,5.507057,-9.293717,15.923620,-5.204131,-0.149195,0.433401,-76.274639,1.346209,187.817095,-1097.953977,-63.337880,1
0.265625,-15.043099,-8.493051,149.154633,3.174131,9.905904,-22.163943,10.556164,-10.022744,21.833646,-10.370649,-0.003348,0.755991,-65.098522,1.436276,187.892499,-1097.137773,-64.930344,1
