1-Time,2-VGERA,3-VGERB,4-VGERC,5-VN,6-IGERAN,7-IGERBN,8-IGERCN,9-IGERAT,10-IGERBT,11-IGERCT,12-IN,13-IFD,14-FAULT 
0.000000,176.553850,-123.103299,-114.083519,19.347985,-8.058608,4.639805,4.151404,8.547009,-3.663004,-3.663004,-0.767399,2.788767,0
0.001043,164.527476,-46.602199,-168.202202,18.791209,-8.058608,1.709402,6.593407,7.570208,-1.221001,-6.593407,-0.767399,2.778999,0
0.002084,146.487915,51.947254,-183.569235,-4.036630,-6.105006,-1.709402,8.058608,6.105006,2.197802,-7.570208,-0.278999,2.788767,0
0.003125,104.395607,137.134069,-172.879125,-21.853480,-3.663004,-4.639805,8.547009,3.663004,5.128205,-7.570208,-0.278999,2.778999,0
0.004167,16.202198,172.879125,-163.191212,-7.655678,-0.244200,-7.081807,7.570208,0.244200,7.081807,-7.081807,-0.278999,2.769231,0
0.005209,-84.685716,182.232971,-135.129673,14.615385,3.174603,-7.570208,5.616606,-2.686203,8.058608,-4.639805,-0.278999,2.778999,0
0.006250,-161.854949,165.195608,-77.002200,26.307692,5.616606,-7.570208,2.197802,-5.616606,8.058608,-2.197802,-0.278999,2.749695,0
0.007292,-180.562641,154.505498,18.206594,4.315018,8.058608,-6.593407,-0.244200,-7.570208,7.081807,1.221001,-0.278999,2.759463,0
0.008334,-178.558246,120.096706,111.745057,-16.285714,8.547009,-4.151404,-3.663004,-8.058608,4.639805,3.663004,-0.278999,2.778999,0
0.009375,-165.529674,45.600001,165.863740,-15.172161,8.058608,-1.221001,-6.593407,-7.570208,1.221001,6.593407,-0.767399,2.778999,0
0.010417,-147.824179,-52.949452,182.232971,6.820513,6.593407,2.197802,-8.058608,-6.105006,-1.709402,8.058608,-0.767399,2.798535,0
0.011458,-105.397805,-138.804399,171.542861,26.864469,3.663004,5.128205,-8.058608,-3.174603,-4.639805,8.058608,0.697802,2.788767,0
0.012501,-17.204396,-174.215389,161.854949,15.450549,0.244200,7.081807,-7.570208,-0.244200,-7.081807,7.081807,-0.278999,2.778999,0
0.013542,83.015386,-183.235169,133.793410,-10.439560,-2.686203,8.058608,-5.616606,2.686203,-7.570208,5.128205,-0.278999,2.778999,0
0.014583,161.520883,-166.197806,75.665936,-22.967033,-5.616606,8.058608,-2.197802,5.616606,-8.058608,2.686203,-0.767399,2.749695,0
0.015625,179.560444,-155.841762,-18.874726,-0.417582,-7.570208,7.081807,1.221001,7.570208,-6.593407,-0.732601,-0.278999,2.759463,0
0.016667,177.890114,-121.767036,-113.081321,21.018315,-8.058608,4.639805,3.663004,8.547009,-4.151404,-4.151404,-0.278999,2.769231,0
0.017709,164.193410,-46.936265,-167.868136,17.956044,-7.570208,1.709402,6.593407,8.058608,-1.221001,-6.593407,-0.278999,2.769231,0
0.018750,146.487915,51.279122,-183.903301,-4.871795,-6.593407,-1.709402,8.058608,6.105006,2.197802,-8.058608,-0.767399,2.788767,0
0.019792,104.395607,137.134069,-172.879125,-18.512821,-3.663004,-4.639805,8.547009,3.663004,5.128205,-8.058608,-0.767399,2.778999,0
0.020834,16.202198,172.879125,-163.191212,-8.212454,-0.244200,-7.081807,7.570208,0.732601,7.570208,-7.081807,-0.278999,2.778999,0
0.021875,-84.351650,182.232971,-135.463739,16.007326,2.686203,-8.058608,5.128205,-2.686203,8.058608,-4.639805,-0.767399,2.808303,0
0.022917,-162.189015,165.195608,-77.670331,26.307692,5.616606,-8.058608,2.686203,-5.128205,8.058608,-1.709402,-0.278999,2.759463,0
0.023959,-180.228575,154.839564,17.872528,5.428571,7.570208,-6.593407,-0.732601,-7.570208,7.081807,1.221001,-0.278999,2.759463,0
0.025001,-177.890114,120.430772,111.076926,-16.564103,8.547009,-4.151404,-3.663004,-8.058608,4.151404,4.151404,-0.278999,2.769231,0
0.026042,-165.863740,45.934067,166.531872,-14.058608,8.058608,-1.221001,-6.105006,-7.570208,1.709402,6.593407,-0.278999,2.769231,0
0.027083,-148.158245,-51.947254,182.232971,8.769231,6.593407,2.197802,-8.058608,-6.105006,-1.709402,8.058608,-0.278999,2.778999,0
0.028125,-106.065936,-138.804399,171.208795,26.307692,3.663004,5.128205,-8.058608,-3.663004,-4.639805,8.547009,-0.278999,2.778999,0
0.029167,-16.870330,-174.215389,161.520883,11.831502,0.732601,7.570208,-7.570208,-0.244200,-7.081807,7.570208,-0.767399,2.778999,0
0.030208,83.015386,-183.569235,134.127476,-14.336996,-2.686203,8.058608,-5.128205,2.686203,-7.570208,5.128205,-0.767399,2.778999,0
0.031250,160.852751,-166.197806,76.334068,-22.410256,-5.616606,8.058608,-2.197802,5.616606,-7.570208,2.197802,-0.278999,2.788767,0
0.032292,179.226378,-155.841762,-19.208792,0.695971,-7.570208,7.081807,1.221001,7.570208,-6.593407,-0.732601,-0.767399,2.759463,0
0.033333,176.553850,-121.767036,-113.081321,20.183150,-8.547009,4.151404,3.663004,8.058608,-4.151404,-3.663004,-0.278999,2.769231,0
0.034375,164.527476,-47.270331,-167.868136,18.512821,-8.058608,1.709402,6.593407,7.570208,-1.221001,-6.593407,-0.767399,2.769231,0
0.035417,147.490113,50.945056,-183.569235,-5.150183,-6.105006,-1.709402,8.547009,6.593407,2.197802,-7.570208,-0.278999,2.778999,0
0.036459,104.395607,136.800003,-172.879125,-22.131868,-3.663004,-4.639805,8.547009,3.663004,5.128205,-8.058608,-0.278999,2.769231,0
0.037500,15.868132,172.545059,-162.857146,-7.655678,-0.244200,-7.081807,7.570208,0.244200,7.081807,-6.593407,-0.278999,2.769231,0
0.038542,-84.685716,181.564839,-135.463739,14.893773,3.174603,-8.058608,5.616606,-2.686203,8.058608,-4.639805,-0.278999,2.778999,0
0.039583,-161.854949,164.861542,-78.338463,25.750916,6.105006,-8.058608,2.686203,-5.128205,8.058608,-2.197802,-0.278999,2.759463,0
0.040626,-180.228575,154.839564,17.204396,4.036630,8.058608,-6.593407,-0.732601,-7.081807,7.081807,1.221001,-0.278999,2.769231,0
0.041667,-177.890114,120.764838,110.742860,-17.677656,8.058608,-4.151404,-3.663004,-8.058608,4.639805,3.663004,-0.278999,2.769231,0
0.042708,-165.529674,46.268133,166.197806,-15.450549,7.570208,-1.221001,-6.105006,-7.570208,1.221001,6.593407,-0.278999,2.769231,0
0.043750,-148.158245,-52.281320,181.898905,8.212454,6.593407,2.197802,-8.058608,-6.105006,-1.221001,8.058608,-0.278999,2.778999,0
0.044792,-105.731870,-138.136267,171.542861,26.586081,3.663004,5.128205,-8.058608,-3.663004,-4.639805,8.058608,-0.767399,2.769231,0
0.045834,-18.206594,-173.881323,161.520883,11.553114,0.732601,7.570208,-7.081807,-0.244200,-6.593407,7.081807,-0.278999,2.769231,0
0.046875,82.013189,-183.903301,134.461541,-10.439560,-2.686203,8.547009,-5.128205,2.686203,-7.570208,5.128205,-0.278999,2.778999,0
0.047917,160.518685,-166.865938,76.668134,-22.688645,-5.616606,8.547009,-2.197802,5.616606,-7.570208,2.197802,-0.278999,2.759463,0
0.048959,178.892312,-156.175828,-19.208792,0.139194,-7.570208,7.081807,1.221001,7.570208,-6.105006,-0.732601,-0.767399,2.788767,0
0.050000,176.887916,-122.101102,-112.413189,15.728938,-8.058608,4.639805,3.663004,8.058608,-4.151404,-3.663004,-0.767399,2.788767,0
0.051042,164.527476,-47.604397,-167.534070,18.512821,-8.058608,1.709402,6.593407,8.058608,-1.221001,-6.593407,-0.278999,2.818071,0
0.052084,146.821981,51.279122,-183.569235,-3.201465,-6.105006,-1.709402,8.058608,6.105006,2.197802,-7.570208,-0.278999,2.778999,0
0.053126,104.729673,136.800003,-173.213191,-22.131868,-3.663004,-4.639805,8.547009,3.174603,5.128205,-8.058608,-0.278999,2.769231,0
0.054167,16.870330,172.879125,-163.191212,-7.655678,-0.244200,-7.081807,7.570208,0.244200,7.081807,-7.081807,-0.278999,2.769231,0
0.055209,-83.015386,181.898905,-135.463739,15.450549,2.686203,-8.058608,5.128205,-2.686203,8.058608,-5.128205,-0.278999,2.769231,0
0.056251,-162.189015,165.529674,-78.338463,26.307692,6.105006,-8.058608,2.686203,-5.128205,8.058608,-1.709402,0.209402,2.749695,0
0.057292,-180.896707,154.839564,16.202198,4.871795,8.058608,-6.593407,-0.244200,-7.570208,6.593407,1.221001,-0.278999,2.759463,0
0.058333,-178.224180,120.764838,110.408794,-17.399267,8.058608,-4.639805,-3.663004,-8.058608,4.151404,4.151404,0.209402,2.778999,0
0.059375,-165.863740,45.934067,165.863740,-13.223443,8.058608,-1.221001,-6.105006,-7.570208,1.709402,6.593407,-0.767399,2.739927,0
0.060417,-148.158245,-52.281320,182.232971,7.655678,6.105006,1.709402,-8.058608,-6.105006,-1.709402,8.058608,-0.767399,2.798535,0
0.061459,-106.400002,-137.802201,171.542861,25.750916,3.663004,5.128205,-8.058608,-3.663004,-4.639805,8.058608,-0.278999,2.769231,0
0.062500,-17.872528,-173.881323,161.854949,11.831502,0.732601,7.081807,-7.570208,-0.244200,-7.081807,7.570208,-0.278999,2.778999,0
0.063542,82.681321,-183.569235,134.127476,-10.996337,-2.197802,8.547009,-5.128205,2.686203,-7.570208,5.128205,-0.278999,2.778999,0
0.064584,160.518685,-166.197806,76.334068,-23.245421,-5.616606,8.058608,-2.197802,5.616606,-7.570208,2.197802,-0.278999,2.759463,0
0.065625,177.890114,-156.175828,-18.540660,-0.695971,-7.570208,7.081807,0.732601,7.570208,-6.593407,-0.732601,-0.278999,2.759463,0
0.066667,176.553850,-122.769234,-112.079123,21.575092,-8.058608,4.639805,3.663004,8.547009,-4.151404,-3.663004,-0.278999,2.769231,0
0.067708,164.861542,-48.272529,-167.868136,18.512821,-8.058608,1.709402,6.593407,7.570208,-1.221001,-6.105006,-0.278999,2.769231,0
0.068751,147.156047,48.940660,-184.571433,-3.479853,-6.105006,-1.709402,8.058608,6.105006,2.197802,-7.570208,-0.767399,2.808303,0
0.069792,105.397805,136.800003,-172.879125,-23.245421,-3.663004,-4.639805,8.547009,3.663004,4.639805,-8.058608,-0.767399,2.778999,0
0.070833,17.204396,172.545059,-163.191212,-7.655678,-0.244200,-7.081807,7.570208,0.732601,7.081807,-7.081807,-0.767399,2.798535,0
0.071875,-83.683518,182.232971,-135.797805,14.058608,2.686203,-8.058608,5.616606,-2.686203,8.058608,-4.639805,-0.278999,2.778999,0
0.072917,-161.520883,165.195608,-78.672529,26.864469,5.616606,-8.058608,2.197802,-5.616606,8.058608,-2.197802,-0.278999,2.759463,0
0.073958,-180.228575,155.173630,16.870330,5.428571,7.570208,-6.593407,-0.732601,-7.570208,7.081807,1.221001,-0.278999,2.749695,0
0.075000,-177.890114,121.098904,110.742860,-16.842491,8.547009,-4.151404,-3.663004,-8.058608,4.151404,3.663004,-0.278999,2.769231,0
0.076042,-166.197806,46.602199,166.197806,-13.780220,8.058608,-1.221001,-6.105006,-7.570208,1.221001,6.593407,-0.278999,2.769231,0
0.077084,-148.826377,-51.613188,180.562641,9.047619,6.593407,2.197802,-8.058608,-6.105006,-1.709402,8.058608,-0.278999,2.788767,0
0.078125,-107.402200,-138.470333,171.542861,26.586081,4.151404,5.128205,-8.058608,-3.174603,-4.639805,8.058608,-0.767399,2.769231,0
0.079167,-18.206594,-173.547257,162.189015,11.831502,0.732601,7.081807,-7.570208,-0.244200,-7.081807,7.081807,-0.767399,2.778999,0
0.080209,82.013189,-183.235169,134.461541,-10.717949,-1.221001,8.058608,-5.128205,2.686203,-7.570208,5.128205,2.163004,2.798535,0
0.081251,160.518685,-166.531872,77.002200,-22.131868,-5.616606,8.058608,-2.197802,5.616606,-8.058608,2.197802,-0.278999,2.876679,0
0.082292,178.892312,-156.509894,-18.206594,-1.809524,-7.570208,7.081807,0.732601,7.570208,-6.593407,-0.732601,-0.278999,2.759463,0
0.083333,176.887916,-122.769234,-112.079123,21.296703,-8.058608,4.151404,3.663004,8.058608,-3.663004,-3.663004,-0.278999,2.769231,0
0.084375,164.861542,-47.604397,-167.868136,18.512821,-7.570208,1.709402,6.593407,7.570208,-1.221001,-6.105006,-0.278999,2.769231,0
0.085418,147.490113,50.610990,-183.903301,-4.036630,-6.105006,-1.709402,8.058608,6.105006,2.197802,-8.058608,-0.278999,2.778999,0
0.086459,105.063739,136.131871,-172.545059,-22.131868,-3.663004,-4.639805,8.058608,3.663004,5.128205,-8.058608,-0.278999,2.769231,0
0.087500,17.872528,171.876927,-163.525278,-7.098901,-0.244200,-6.593407,7.570208,0.732601,7.570208,-7.081807,-0.278999,2.778999,0
0.088542,-83.015386,181.898905,-136.465937,14.058608,2.686203,-8.058608,5.616606,-2.686203,8.058608,-4.639805,-0.767399,2.788767,0
0.089584,-161.520883,165.529674,-79.340661,26.864469,5.616606,-7.570208,2.686203,-5.616606,8.058608,-2.197802,-0.278999,2.769231,0
0.090625,-179.894510,155.173630,16.536264,4.593407,7.570208,-6.593407,-0.732601,-7.081807,7.081807,1.221001,-0.278999,2.808303,0
0.091667,-177.890114,121.098904,110.408794,-21.853480,8.547009,-4.639805,-3.663004,-8.058608,4.151404,4.151404,-0.278999,2.769231,0
0.092709,-165.863740,46.268133,166.197806,-14.893773,8.058608,-1.221001,-6.593407,-7.570208,1.221001,6.593407,0.209402,2.769231,0
0.093750,-148.826377,-50.945056,181.898905,9.047619,6.593407,1.709402,-7.570208,-6.105006,-1.709402,9.523810,-0.278999,2.778999,0
0.094792,-107.402200,-137.134069,171.876927,26.307692,3.663004,5.128205,-8.058608,-3.663004,-4.639805,8.058608,0.209402,2.769231,0
0.095833,-18.540660,-173.881323,162.189015,11.831502,0.732601,7.081807,-7.081807,-0.244200,-7.081807,7.081807,-0.278999,2.769231,0
0.096876,81.010991,-183.569235,134.795607,-10.439560,-2.686203,8.058608,-5.128205,2.686203,-7.570208,5.128205,-0.278999,2.778999,0
0.097917,160.184619,-166.531872,77.336265,-21.853480,-5.616606,8.058608,-2.197802,5.616606,-7.570208,2.197802,0.209402,2.759463,0
0.098958,178.558246,-156.509894,-18.206594,4.315018,-7.570208,7.081807,0.732601,7.570208,-6.593407,-0.732601,-0.767399,2.769231,0
0.100000,177.221982,-122.435168,-111.745057,20.183150,-8.058608,4.639805,3.663004,8.058608,-4.151404,-3.663004,-0.278999,2.798535,0
0.101043,164.527476,-47.938463,-167.868136,19.904762,-8.058608,1.221001,6.593407,7.570208,-1.221001,-6.593407,-0.278999,2.759463,0
0.102084,146.821981,49.608792,-183.903301,-4.593407,-6.593407,-1.709402,8.058608,6.105006,2.197802,-8.058608,-0.278999,2.778999,0
0.103125,105.731870,136.131871,-172.879125,-21.853480,-3.663004,-4.639805,8.058608,3.174603,5.128205,-8.058608,-0.278999,2.769231,0
0.104167,17.204396,172.545059,-163.525278,-7.655678,-0.732601,-7.081807,7.570208,0.244200,7.081807,-7.081807,-0.278999,2.769231,0
0.105209,-83.683518,182.232971,-136.465937,14.058608,3.174603,-8.058608,5.616606,-2.197802,8.058608,-5.128205,-0.278999,2.778999,0
0.106250,-161.854949,164.861542,-79.006595,26.307692,5.616606,-8.058608,2.686203,-5.128205,8.058608,-1.709402,-0.278999,2.759463,0
0.107292,-179.226378,154.839564,15.868132,4.871795,7.570208,-7.081807,-0.244200,-7.081807,6.593407,1.221001,2.163004,2.759463,0
0.108334,-178.224180,121.432970,109.406596,-17.399267,8.058608,-4.151404,-3.663004,-8.058608,4.639805,4.151404,-0.767399,2.778999,0
0.109375,-166.197806,47.270331,166.197806,-14.893773,8.058608,-1.221001,-6.105006,-7.081807,1.709402,6.593407,-0.278999,2.778999,0
0.110417,-148.492311,-50.945056,181.898905,8.212454,6.593407,1.709402,-7.570208,-5.616606,-1.709402,8.058608,-0.278999,2.837607,0
0.111458,-106.734068,-137.468135,171.876927,25.750916,4.151404,5.128205,-8.547009,-3.663004,-4.639805,8.058608,-0.278999,2.769231,0
0.112501,-18.874726,-173.547257,162.189015,12.388278,0.732601,7.570208,-7.570208,-0.244200,-7.081807,7.081807,-0.278999,2.778999,0
0.113542,81.345057,-183.569235,134.795607,-10.439560,-2.686203,8.058608,-5.128205,2.686203,-8.058608,5.128205,-0.278999,2.778999,0
0.114583,159.850553,-166.531872,78.004397,-22.967033,-5.616606,8.058608,-2.197802,5.616606,-7.570208,2.197802,-0.278999,2.759463,0
0.115625,178.558246,-157.846157,-17.204396,-0.139194,-7.570208,7.081807,0.732601,7.570208,-6.593407,-0.732601,-0.278999,2.759463,0
0.116667,176.553850,-123.103299,-111.745057,20.461538,-8.058608,4.639805,4.151404,8.058608,-4.151404,-3.663004,-0.278999,2.778999,0
0.117709,164.861542,-49.274726,-167.868136,19.904762,-7.570208,1.709402,6.593407,8.058608,-1.221001,-6.105006,-0.767399,2.778999,0
0.118750,146.821981,49.608792,-183.903301,-0.417582,-6.105006,-1.709402,8.547009,6.105006,2.197802,-7.570208,-0.278999,2.788767,0
0.119792,105.731870,135.797805,-173.213191,-21.853480,-3.663004,-4.639805,8.547009,3.663004,4.639805,-8.058608,-0.278999,2.808303,0
0.120834,17.538462,172.545059,-163.525278,-7.377289,-0.244200,-7.081807,7.570208,0.732601,7.570208,-7.081807,-0.278999,2.769231,0
0.121875,-82.347255,182.232971,-136.131871,14.893773,2.686203,-8.058608,5.616606,-2.197802,8.058608,-5.128205,-0.278999,2.778999,0
0.122917,-161.186817,165.195608,-79.340661,27.421245,5.616606,-7.570208,2.686203,-5.616606,8.058608,-2.197802,-0.278999,2.759463,0
0.123958,-179.226378,155.507696,16.202198,4.593407,7.570208,-6.593407,-0.732601,-7.570208,6.593407,1.221001,-0.278999,2.759463,0
0.125001,-178.558246,121.432970,109.740662,-16.285714,8.547009,-4.151404,-3.663004,-8.058608,4.639805,4.151404,-0.278999,2.769231,0
0.126042,-166.531872,47.604397,165.195608,-14.893773,8.058608,-1.221001,-6.593407,-7.570208,1.709402,6.593407,-0.278999,2.759463,0
0.127084,-148.492311,-50.945056,181.898905,8.212454,6.593407,1.709402,-8.058608,-6.105006,-1.709402,8.058608,1.674603,2.788767,0
0.128125,-106.734068,-137.134069,171.542861,26.307692,4.151404,4.639805,-8.547009,-3.174603,-4.639805,8.058608,-0.767399,2.749695,0
0.129168,-18.874726,-173.881323,162.189015,11.553114,0.732601,7.081807,-7.570208,-0.244200,-7.081807,7.570208,-1.255800,2.788767,0
0.130208,81.010991,-183.903301,135.463739,-10.161172,-2.686203,8.058608,-4.639805,2.686203,-8.058608,5.616606,-0.278999,2.778999,0
0.131252,160.518685,-166.531872,78.004397,-21.853480,-5.616606,8.058608,-2.686203,5.616606,-7.570208,2.197802,-0.278999,2.749695,0
0.132293,178.558246,-156.509894,-18.206594,-0.139194,-8.058608,7.081807,1.221001,7.570208,-6.593407,-0.732601,-0.278999,2.759463,0
0.133334,176.887916,-122.769234,-112.079123,20.739927,-8.058608,4.639805,3.663004,8.058608,-4.151404,-3.663004,-0.278999,2.769231,1
0.134375,164.193410,-48.606594,-167.534070,18.791209,-8.058608,1.709402,6.593407,8.058608,-1.221001,-6.105006,-0.278999,2.759463,1
0.135417,147.824179,49.274726,-183.235169,-3.201465,-6.593407,-1.709402,8.547009,6.105006,2.197802,-7.570208,-0.278999,2.788767,1
0.136459,105.731870,135.129673,-173.213191,-21.575092,-3.663004,-4.639805,8.058608,3.663004,5.128205,-8.058608,-0.278999,2.778999,1
0.137500,18.206594,172.545059,-164.193410,-7.098901,-0.244200,-7.081807,7.570208,0.732601,7.081807,-7.081807,-0.278999,2.788767,1
0.138542,-82.013189,182.232971,-139.472531,15.172161,2.686203,-8.058608,5.616606,-2.686203,8.058608,-5.128205,-0.767399,2.788767,1
0.139583,-160.852751,165.195608,-80.008793,28.256410,5.616606,-8.058608,2.686203,-5.128205,8.058608,-1.709402,-0.278999,2.798535,1
0.140626,-179.560444,155.841762,15.200000,5.985348,7.570208,-6.593407,-0.732601,-7.570208,6.593407,1.221001,-0.278999,2.759463,1
0.141667,-178.224180,121.767036,110.074728,-16.564103,7.570208,-4.151404,-3.663004,-7.570208,4.151404,4.151404,-0.278999,2.769231,1
0.142709,-166.197806,48.272529,165.863740,-14.893773,8.058608,-1.221001,-6.593407,-7.570208,1.221001,6.593407,-0.278999,2.759463,1
0.143750,-148.158245,-50.610990,182.232971,3.479853,6.593407,2.197802,-8.058608,-6.105006,-1.709402,8.058608,-0.278999,2.778999,1
0.144793,-107.402200,-136.800003,171.542861,26.029304,4.151404,5.128205,-8.058608,-2.686203,-4.639805,8.058608,0.209402,2.769231,1
0.145834,-19.542858,-173.881323,161.854949,11.553114,0.732601,7.081807,-7.081807,-0.244200,-7.081807,7.570208,-0.278999,2.778999,1
0.146875,80.342859,-183.235169,135.129673,-10.439560,-2.686203,8.547009,-5.128205,2.686203,-7.570208,5.128205,-0.278999,2.778999,1
0.147917,159.850553,-166.531872,78.004397,-22.688645,-5.616606,8.547009,-2.197802,5.616606,-8.058608,2.686203,-0.767399,2.739927,1
0.148959,178.558246,-156.843960,-16.536264,-1.252747,-7.570208,7.081807,0.732601,7.570208,-6.593407,-0.732601,-2.232601,2.778999,1
0.150001,177.221982,-123.103299,-111.076926,22.131868,-8.058608,4.639805,3.663004,8.058608,-4.151404,-3.663004,-0.278999,2.778999,1
0.151042,165.195608,-49.274726,-167.200004,18.512821,-7.570208,1.709402,6.593407,8.058608,-1.221001,-6.105006,-0.278999,2.769231,1
0.152083,148.158245,48.940660,-184.237367,-4.036630,-6.105006,-1.709402,8.058608,6.105006,2.197802,-7.570208,0.209402,2.778999,1
0.153126,106.400002,135.129673,-173.213191,-21.853480,-3.663004,-4.639805,8.547009,3.663004,4.639805,-7.570208,-0.278999,2.769231,1
0.154167,17.872528,172.545059,-163.525278,-7.377289,-0.244200,-7.081807,7.570208,0.732601,7.570208,-7.081807,0.209402,2.778999,1
0.155208,-82.013189,182.232971,-136.131871,14.058608,2.686203,-8.058608,5.616606,-2.686203,8.058608,-5.128205,-0.278999,2.778999,1
0.156251,-161.854949,165.195608,-80.342859,26.864469,6.105006,-7.570208,2.686203,-5.128205,7.570208,-1.709402,-0.278999,2.778999,1
0.157292,-179.894510,156.509894,14.531868,4.036630,8.058608,-7.081807,-0.244200,-7.081807,6.593407,1.221001,-0.278999,2.827839,1
0.158333,-178.224180,121.767036,109.406596,-12.945055,8.547009,-4.639805,-3.174603,-8.058608,4.639805,4.151404,-0.767399,2.778999,1
0.159375,-166.197806,47.938463,165.863740,-15.728938,8.058608,-1.221001,-6.105006,-7.570208,1.709402,6.593407,-0.278999,2.808303,1
0.160427,-148.158245,-51.947254,181.898905,8.212454,6.593407,1.709402,-8.058608,-6.105006,-1.709402,8.058608,-0.767399,2.798535,1
0.161461,-107.068134,-136.800003,171.876927,26.029304,4.151404,4.639805,-8.058608,-3.174603,-4.639805,8.547009,-0.278999,2.778999,1
0.162501,-19.208792,-173.547257,162.189015,11.553114,0.732601,7.570208,-7.570208,-0.244200,-7.081807,7.081807,-0.278999,2.769231,1
0.163543,81.010991,-183.569235,135.463739,-9.882784,-2.197802,8.058608,-5.128205,2.686203,-8.058608,5.128205,0.209402,2.778999,1
0.164587,159.850553,-166.197806,78.004397,-21.853480,-5.616606,8.547009,-2.197802,5.128205,-8.058608,2.197802,-0.278999,2.759463,1
0.165627,178.558246,-156.843960,-16.870330,-1.531136,-7.570208,7.081807,0.732601,7.570208,-6.593407,-0.732601,-0.278999,2.759463,1
0.166675,176.553850,-122.435168,-113.749453,21.018315,-8.058608,4.639805,4.151404,8.058608,-3.663004,-3.663004,-0.278999,2.778999,1
0.167716,164.861542,-47.938463,-167.868136,18.512821,-8.058608,1.709402,6.593407,8.058608,-1.221001,-6.105006,-0.278999,2.769231,1
0.168758,147.156047,50.610990,-184.237367,-4.036630,-6.105006,-1.709402,8.547009,6.105006,2.197802,-7.570208,-0.767399,2.700855,1
0.169795,106.400002,135.797805,-173.213191,-22.410256,-3.663004,-4.639805,8.547009,3.663004,5.128205,-8.058608,-0.278999,2.798535,1
0.170834,18.874726,172.210993,-163.525278,-7.934066,-0.244200,-7.081807,7.570208,2.686203,7.081807,-7.081807,-0.278999,2.778999,1
0.171875,-81.679123,182.232971,-136.465937,14.893773,2.686203,-8.058608,5.616606,-2.686203,8.058608,-4.639805,-0.278999,2.778999,1
0.172917,-160.852751,165.195608,-80.676925,27.142857,5.616606,-8.058608,2.686203,-5.128205,8.058608,-2.197802,-0.278999,2.759463,1
0.173958,-180.228575,155.841762,14.865934,5.150183,8.058608,-7.081807,-0.244200,-7.081807,7.081807,1.221001,-0.278999,2.749695,1
0.175000,-178.558246,121.767036,109.740662,-16.842491,8.547009,-4.151404,-3.663004,-7.570208,4.639805,4.151404,-0.278999,2.769231,1
0.176042,-166.197806,47.938463,165.529674,-15.450549,8.058608,-1.221001,-6.105006,-7.570208,1.709402,6.593407,-0.278999,2.769231,1
0.177084,-145.151652,-50.945056,179.894510,15.728938,6.593407,1.709402,-8.058608,-6.105006,-1.709402,8.058608,-0.767399,2.798535,1
0.178125,-117.090113,-132.123080,175.217586,48.857143,4.151404,4.639805,-8.547009,-3.663004,-4.151404,8.547009,-0.278999,2.827839,1
0.179167,-70.320881,-140.474728,193.925279,9.604396,-1.709402,8.058608,-6.105006,1.709402,-8.058608,6.105006,-0.767399,2.720391,1
0.180209,23.551649,-172.210993,145.151652,9.882784,-10.012210,11.477411,-1.221001,10.012210,-10.989011,1.709402,-0.278999,2.427350,1
0.181250,189.916488,-171.208795,79.340661,-26.864469,-13.919414,12.454212,1.709402,13.431013,-12.454212,-0.732601,-0.278999,2.622711,1
0.182292,217.309895,-165.863740,-20.545055,-26.307692,-11.965812,10.012210,2.686203,12.454212,-9.035409,-2.197802,-0.278999,3.023199,1
0.183333,198.602202,-144.483520,-125.775827,-14.615385,-10.012210,6.105006,4.151404,10.012210,-5.616606,-4.151404,0.209402,3.179487,1
0.184375,215.639565,-71.991210,-189.916488,0.417582,-5.616606,0.732601,4.639805,5.616606,-0.244200,-4.639805,-0.278999,2.964591,1
0.185417,183.235169,38.918682,-197.600004,-16.007326,-0.244200,-4.151404,4.151404,0.244200,4.639805,-4.151404,-0.278999,2.407814,1
0.186458,88.360442,135.129673,-177.556048,-22.967033,1.709402,-6.593407,5.128205,-1.221001,7.081807,-4.639805,-0.278999,2.056166,1
0.187500,11.525275,178.224180,-157.846157,-3.758242,2.686203,-8.058608,5.616606,-2.686203,8.547009,-5.128205,-0.767399,2.124542,1
0.188542,-79.340661,187.243960,-131.789014,22.967033,5.616606,-9.523810,4.151404,-5.128205,9.523810,-4.151404,-0.278999,2.378510,1
0.189584,-176.553850,171.876927,-82.013189,32.710623,7.081807,-9.523810,2.686203,-6.593407,9.035409,-1.709402,-0.278999,2.593407,1
0.190625,-183.903301,162.523081,10.523077,9.882784,8.547009,-8.058608,-0.244200,-7.570208,7.570208,0.732601,-0.278999,2.769231,1
0.191667,-171.876927,121.767036,103.393409,-5.428571,10.012210,-5.616606,-3.663004,-9.523810,6.105006,4.151404,-0.278999,2.915751,1
0.192709,-183.903301,59.296705,179.894510,-8.490842,9.523810,-2.686203,-6.105006,-9.035409,2.686203,6.105006,-0.278999,3.032967,1
0.193751,-182.567037,-40.589012,194.927477,21.575092,5.616606,1.709402,-6.105006,-5.128205,-1.709402,6.593407,-0.278999,2.886447,1
0.194792,-123.771431,-123.103299,187.243960,41.619048,1.221001,5.616606,-5.616606,-0.244200,-5.128205,6.105006,-0.278999,2.564103,1
0.195833,-39.252748,-164.193410,171.876927,23.523810,-3.663004,8.547009,-4.639805,4.151404,-8.547009,4.639805,-0.767399,2.339438,1
0.196876,57.292309,-185.907696,136.465937,-6.263736,-7.570208,10.989011,-2.686203,8.058608,-10.500611,2.686203,-0.767399,2.349206,1
0.197917,176.553850,-171.876927,85.019782,-39.391941,-10.012210,11.477411,-0.732601,10.012210,-10.500611,0.732601,-0.767399,2.603175,1
0.198959,209.960444,-173.547257,-22.549451,-17.677656,-9.523810,8.547009,1.709402,9.523810,-8.058608,-1.221001,-0.278999,2.915751,1
0.200000,195.929675,-141.810992,-122.769234,3.479853,-8.058608,5.128205,2.686203,8.058608,-5.128205,-2.686203,-0.278999,2.974359,1
0.201042,193.257147,-59.964837,-179.560444,3.479853,-6.105006,1.709402,4.639805,6.105006,-2.197802,-4.151404,-0.278999,2.827839,1
0.202083,173.213191,43.595605,-193.591213,-14.058608,-3.174603,-2.197802,5.128205,2.686203,2.686203,-5.128205,-0.278999,2.554335,1
0.203125,108.070332,128.782420,-181.898905,-25.472527,-0.244200,-5.128205,5.616606,0.244200,5.616606,-5.128205,-0.278999,2.319902,1
0.204167,22.549451,171.876927,-165.529674,-13.223443,2.686203,-8.058608,5.616606,-2.197802,8.058608,-5.128205,-0.278999,2.280830,1
0.205209,-68.650551,184.571433,-140.474728,14.336996,5.616606,-9.523810,4.151404,-5.128205,9.523810,-3.663004,-0.278999,2.407814,1
0.206250,-164.861542,168.202202,-90.030771,36.608059,8.547009,-10.012210,1.709402,-8.058608,10.500611,-1.221001,1.674603,2.612943,1
0.207292,-195.595609,165.529674,13.195605,13.223443,9.523810,-8.547009,-0.732601,-9.523810,8.547009,1.221001,-0.767399,2.866911,1
0.208334,-188.580224,135.129673,116.421981,-3.758242,9.523810,-6.105006,-3.174603,-9.035409,6.105006,3.663004,-3.209402,3.023199,1
0.209375,-191.586817,60.967034,179.226378,0.139194,8.058608,-2.686203,-5.128205,-7.570208,2.686203,5.128205,-0.278999,2.993895,1
0.210417,-184.237367,-40.923078,194.593411,23.802198,4.639805,1.709402,-5.616606,-3.663004,-1.709402,5.616606,-0.278999,2.759463,1
0.211458,-121.432970,-123.103299,187.243960,34.380952,0.244200,5.616606,-5.128205,0.244200,-4.639805,5.128205,-0.278999,2.407814,1
0.212500,-29.564836,-170.540663,168.870333,21.018315,-3.174603,8.547009,-4.639805,3.174603,-8.058608,4.639805,-0.278999,2.241758,1
0.213542,66.646155,-187.912092,136.465937,-10.717949,-6.105006,10.012210,-3.174603,6.593407,-9.523810,3.174603,-0.278999,2.319902,1
0.214583,171.876927,-172.210993,86.021980,-37.721612,-8.547009,10.500611,-1.221001,8.547009,-10.012210,1.709402,-0.278999,2.573871,1
0.215625,201.274730,-172.879125,-19.208792,-10.996337,-8.547009,8.547009,0.732601,8.547009,-8.058608,-0.244200,-0.278999,2.847375,1
0.216667,191.586817,-139.806597,-119.094508,9.047619,-8.058608,5.616606,2.686203,8.058608,-5.128205,-2.686203,-1.255800,3.032967,1
0.217708,188.580224,-59.964837,-177.221982,3.758242,-7.081807,2.197802,4.639805,7.081807,-1.709402,-4.639805,-0.278999,2.866911,1
0.218750,176.219784,42.593408,-194.259345,-15.172161,-4.151404,-1.709402,5.616606,3.663004,2.197802,-5.128205,-0.278999,2.671551,1
0.219792,116.421981,125.107695,-185.907696,-27.421245,-0.732601,-5.128205,5.616606,0.732601,5.128205,-5.128205,-0.278999,2.388278,1
0.220834,27.560440,169.538465,-169.204399,-16.285714,2.686203,-7.570208,5.616606,-2.686203,8.547009,-4.639805,-0.278999,2.271062,1
0.221875,-65.643958,185.239565,-140.474728,11.831502,6.105006,-9.523810,3.663004,-5.616606,10.012210,-3.174603,-0.278999,2.358974,1
0.222917,-166.531872,169.204399,-90.364837,38.278388,9.035409,-10.012210,1.709402,-8.547009,10.012210,-1.221001,-0.278999,2.573871,1
0.223958,-200.606598,166.865938,14.865934,16.007326,10.012210,-8.547009,-0.732601,-9.035409,8.547009,0.732601,-0.278999,2.847375,1
0.225001,-193.257147,138.804399,118.760442,-4.036630,9.035409,-5.616606,-2.686203,-8.547009,6.105006,3.174603,-0.278999,2.984127,1
0.226042,-192.254949,60.298902,176.887916,1.809524,7.570208,-2.197802,-4.639805,-7.081807,2.197802,5.128205,-0.767399,2.935287,1
0.227083,-181.898905,-41.257144,192.923081,18.791209,4.151404,1.709402,-5.128205,-3.663004,-1.709402,5.616606,-0.767399,2.681319,1
0.228125,-119.762640,-123.771431,186.909894,32.432234,0.244200,5.128205,-5.128205,-0.244200,-5.128205,5.128205,-0.767399,2.378510,1
0.229167,-28.228572,-171.208795,167.868136,20.739927,-3.174603,8.058608,-5.128205,3.174603,-8.058608,4.639805,-0.767399,2.222222,1
0.230208,66.980221,-187.912092,137.802201,-10.161172,-6.105006,9.523810,-3.174603,6.105006,-9.523810,3.663004,-0.278999,2.349206,1
0.231250,168.202202,-171.542861,87.692310,-36.329670,-8.547009,10.012210,-1.709402,8.058608,-9.523810,1.709402,-0.278999,2.544567,1
0.232292,200.272532,-171.542861,-16.870330,-10.717949,-9.035409,8.547009,0.732601,9.035409,-8.058608,-0.244200,-0.278999,2.808303,1
0.233333,190.918686,-139.806597,-119.094508,7.655678,-8.058608,6.105006,2.686203,8.058608,-5.128205,-2.686203,-0.278999,2.915751,1
0.234375,188.580224,-60.967034,-177.890114,3.479853,-7.081807,2.686203,5.128205,7.081807,-1.709402,-4.639805,-0.278999,2.857143,1
0.235417,179.560444,39.586814,-194.593411,-15.450549,-4.151404,-1.221001,5.616606,4.151404,2.197802,-5.128205,-0.278999,2.642247,1
0.236459,119.094508,123.437365,-187.912092,-27.699634,-0.244200,-5.128205,5.128205,0.244200,5.128205,-5.128205,-0.767399,2.417582,1
0.237500,28.562638,168.870333,-169.872531,-16.564103,3.174603,-7.570208,5.128205,-2.686203,8.058608,-4.639805,-1.255800,2.231990,1
0.238542,-65.978023,185.907696,-140.808794,9.047619,6.105006,-9.523810,3.663004,-6.105006,9.523810,-3.174603,-0.278999,2.300366,1
0.239583,-166.865938,169.872531,-90.364837,35.772894,8.547009,-10.012210,1.221001,-8.058608,10.012210,-1.221001,-0.278999,2.515263,1
0.240625,-200.940664,170.206597,14.531868,15.728938,9.523810,-8.547009,-0.244200,-9.035409,8.547009,0.732601,-0.278999,2.788767,1
0.241667,-193.257147,139.472531,117.424178,-4.036630,9.035409,-5.616606,-2.686203,-8.058608,5.616606,2.686203,-0.278999,2.905983,1
0.242708,-192.254949,60.298902,176.553850,0.695971,7.081807,-2.197802,-4.151404,-6.593407,2.197802,4.639805,-0.278999,2.837607,1
0.243750,-180.896707,-41.925276,193.257147,21.296703,4.151404,1.709402,-5.128205,-3.663004,-1.709402,5.616606,-0.278999,2.612943,1
0.244792,-119.762640,-124.105497,185.907696,31.875458,0.244200,5.128205,-5.128205,-0.244200,-5.128205,5.128205,-0.278999,2.310134,1
0.245833,-28.896704,-170.540663,167.868136,20.461538,-2.686203,8.058608,-4.639805,3.174603,-7.570208,4.639805,-0.767399,2.202686,1
0.246875,65.643958,-187.243960,138.804399,-7.934066,-5.616606,9.523810,-3.174603,6.105006,-9.035409,3.174603,-0.767399,2.271062,1
0.247917,165.529674,-171.208795,89.028573,-36.051282,-8.547009,10.012210,-1.221001,8.547009,-10.012210,1.221001,-0.278999,2.515263,1
0.248960,199.270334,-171.208795,-15.868132,-12.666667,-8.547009,8.547009,0.732601,9.035409,-8.058608,-0.244200,-0.767399,2.788767,1
0.250000,191.252752,-140.474728,-118.092310,7.934066,-8.058608,5.616606,2.197802,8.058608,-5.128205,-2.686203,-0.767399,2.886447,1
0.251042,197.600004,-61.969232,-177.556048,3.201465,-7.081807,2.197802,4.639805,6.593407,-2.197802,-4.639805,-0.767399,2.827839,1
0.252083,180.228575,39.920880,-194.259345,-17.399267,-4.151404,-1.221001,5.128205,3.663004,2.197802,-5.128205,-0.278999,2.593407,1
0.253126,119.094508,121.767036,-187.912092,-27.421245,0.244200,-4.639805,5.616606,0.244200,5.128205,-4.639805,-0.278999,2.300366,1
0.254167,28.562638,167.868136,-170.206597,-16.285714,3.174603,-7.570208,5.128205,-2.686203,8.058608,-4.639805,-0.278999,2.163614,1
0.255208,-65.309892,185.573631,-140.474728,12.666667,6.105006,-9.523810,3.663004,-5.616606,9.523810,-3.174603,-0.767399,2.261294,1
0.256250,-166.531872,170.540663,-90.364837,41.619048,8.547009,-10.012210,1.709402,-8.058608,10.012210,-0.732601,-0.767399,2.476190,1
0.257292,-200.606598,170.540663,14.197803,15.172161,9.035409,-8.547009,-0.244200,-8.547009,8.058608,0.732601,-1.255800,2.759463,1
0.258333,-193.257147,139.806597,116.756047,-4.036630,8.547009,-5.616606,-2.686203,-8.058608,5.616606,2.686203,-0.278999,2.896215,1
0.259375,-191.252752,60.632968,175.885718,0.974359,7.081807,-2.686203,-4.151404,-6.593407,2.197802,4.639805,-0.278999,2.798535,1
0.260417,-180.228575,-39.920880,192.589015,21.018315,4.151404,1.709402,-5.128205,-3.663004,-1.221001,5.128205,-0.278999,2.573871,1
0.261458,-120.096706,-122.769234,186.241762,30.761905,0.732601,5.128205,-5.128205,-0.244200,-5.128205,5.128205,-0.278999,2.280830,1
0.262500,-29.898902,-169.204399,168.870333,5.706960,-2.686203,8.058608,-4.639805,3.174603,-7.570208,4.639805,-0.278999,2.144078,1
0.263541,90.698903,-197.265938,128.448355,-6.820513,-4.639805,9.035409,-4.151404,4.639805,-8.547009,4.151404,-0.278999,2.271062,1
0.264584,168.870333,-175.217586,85.353848,-30.205128,-5.616606,9.035409,-2.686203,5.616606,-8.058608,3.174603,-0.767399,2.476190,1
